listing_slug,listing_name,category,sort_order,kind,image_filename,recommended_alt_text,width,height
northwind-plumbing-practice,Northwind Plumbing Practice,Plumbing,0,thumbnail,northwind-plumbing-practice-kitchen-fixture-update-01.svg,"Fictional plumbing portfolio concept for Northwind Plumbing Practice, showing a completed kitchen sink and faucet update with orderly plumbing.",1200,900
northwind-plumbing-practice,Northwind Plumbing Practice,Plumbing,1,portfolio,northwind-plumbing-practice-bath-fixture-update-02.svg,"Fictional plumbing portfolio concept for Northwind Plumbing Practice, showing a bright bathroom with updated shower and tub fixtures.",1200,900
northwind-plumbing-practice,Northwind Plumbing Practice,Plumbing,2,portfolio,northwind-plumbing-practice-water-heater-support-03.svg,"Fictional plumbing portfolio concept for Northwind Plumbing Practice, showing a neatly installed residential water heater in a clean utility room.",1200,900
northwind-plumbing-practice,Northwind Plumbing Practice,Plumbing,3,portfolio,northwind-plumbing-practice-drain-assessment-04.svg,"Fictional plumbing portfolio concept for Northwind Plumbing Practice, showing a clean vanity basin and drain-assessment setting with intact fixtures.",1200,900
beacon-home-co,Beacon Home Co.,Home Cleaning,0,thumbnail,beacon-home-co-recurring-home-cleaning-01.svg,"Fictional home cleaning portfolio concept for Beacon Home Co., showing a freshly finished living room after recurring home cleaning.",1200,900
beacon-home-co,Beacon Home Co.,Home Cleaning,1,portfolio,beacon-home-co-deep-kitchen-cleaning-02.svg,"Fictional home cleaning portfolio concept for Beacon Home Co., showing a detailed bright kitchen with spotless counters and sink.",1200,900
beacon-home-co,Beacon Home Co.,Home Cleaning,2,portfolio,beacon-home-co-bathroom-cleaning-03.svg,"Fictional home cleaning portfolio concept for Beacon Home Co., showing a polished bathroom vanity, mirror and shower.",1200,900
bluebell-studio-collective,Bluebell Studio Collective,Pet Grooming,0,thumbnail,bluebell-studio-collective-bath-and-brush-01.svg,"Fictional pet grooming portfolio concept for Bluebell Studio Collective, showing a calm mixed-breed dog after a professional bath and brush.",1200,900
bluebell-studio-collective,Bluebell Studio Collective,Pet Grooming,1,portfolio,bluebell-studio-collective-full-groom-package-02.svg,"Fictional pet grooming portfolio concept for Bluebell Studio Collective, showing a comfortable small dog after a full groom.",1200,900
bluebell-studio-collective,Bluebell Studio Collective,Pet Grooming,2,portfolio,bluebell-studio-collective-nail-ear-care-03.svg,"Fictional pet grooming portfolio concept for Bluebell Studio Collective, showing a tidy nail and ear care setup with unbranded grooming tools.",1200,900
cornerstone-photography-workshop,Cornerstone Photography Workshop,Photography,0,thumbnail,cornerstone-photography-workshop-portrait-studio-01.svg,"Fictional photography portfolio concept for Cornerstone Photography Workshop, showing a neutral daylight portrait studio setup.",1200,900
cornerstone-photography-workshop,Cornerstone Photography Workshop,Photography,1,portfolio,cornerstone-photography-workshop-event-photography-02.svg,"Fictional photography portfolio concept for Cornerstone Photography Workshop, showing an elegant event-detail photography setting.",1200,900
cornerstone-photography-workshop,Cornerstone Photography Workshop,Photography,2,portfolio,cornerstone-photography-workshop-product-photography-03.svg,"Fictional photography portfolio concept for Cornerstone Photography Workshop, showing a refined ceramic product photography setup.",1200,900
cornerstone-photography-workshop,Cornerstone Photography Workshop,Photography,3,portfolio,cornerstone-photography-workshop-photography-workspace-04.svg,"Fictional photography portfolio concept for Cornerstone Photography Workshop, showing an organized photographer workspace with camera and contact sheets.",1200,900
beacon-studio-company,Beacon Studio Company,Web Design,0,thumbnail,beacon-studio-company-responsive-marketing-site-01.svg,"Fictional web design portfolio concept for Beacon Studio Company, showing a responsive fictional marketing site across three devices.",1200,900
lakeshore-services-services,Lakeshore Services Services,Handyman Services,0,thumbnail,lakeshore-services-services-mounting-and-installs-01.svg,"Fictional handyman services portfolio concept for Lakeshore Services Services, showing a completed entryway with sturdy wall hooks and a level floating shelf.",1200,900
cornerstone-home,Cornerstone Home,Heating and Cooling,0,thumbnail,cornerstone-home-system-installation-01.svg,"Fictional heating and cooling portfolio concept for Cornerstone Home, showing a finished residential air-handler and ductwork installation.",1200,900
cornerstone-home,Cornerstone Home,Heating and Cooling,1,portfolio,cornerstone-home-heat-pump-comfort-02.svg,"Fictional heating and cooling portfolio concept for Cornerstone Home, showing a wall-mounted heat-pump comfort system in a bright living room.",1200,900
waypoint-plumbing-group,Waypoint Plumbing Group,Plumbing,0,thumbnail,waypoint-plumbing-group-kitchen-fixture-update-01.svg,"Fictional plumbing portfolio concept for Waypoint Plumbing Group, showing a completed kitchen sink and faucet update with orderly plumbing.",1200,900
waypoint-plumbing-group,Waypoint Plumbing Group,Plumbing,1,portfolio,waypoint-plumbing-group-bath-fixture-update-02.svg,"Fictional plumbing portfolio concept for Waypoint Plumbing Group, showing a bright bathroom with updated shower and tub fixtures.",1200,900
greenfield-pro-practice,Greenfield Pro Practice,Landscaping,0,thumbnail,greenfield-pro-practice-garden-bed-refresh-01.svg,"Fictional landscaping portfolio concept for Greenfield Pro Practice, showing a completed native garden-bed refresh with a stone path.",1200,900
greenfield-pro-practice,Greenfield Pro Practice,Landscaping,1,portfolio,greenfield-pro-practice-lawn-care-02.svg,"Fictional landscaping portfolio concept for Greenfield Pro Practice, showing a healthy lawn with crisp professional edging.",1200,900
greenfield-pro-practice,Greenfield Pro Practice,Landscaping,2,portfolio,greenfield-pro-practice-raised-garden-refresh-03.svg,"Fictional landscaping portfolio concept for Greenfield Pro Practice, showing refreshed raised vegetable and herb beds.",1200,900
pinecrest-painting-services,Pinecrest Painting Services,Painting,0,thumbnail,pinecrest-painting-services-interior-painting-01.svg,"Fictional painting portfolio concept for Pinecrest Painting Services, showing a freshly completed olive living-room accent wall with crisp trim.",1200,900
pinecrest-painting-services,Pinecrest Painting Services,Painting,1,portfolio,pinecrest-painting-services-exterior-painting-02.svg,"Fictional painting portfolio concept for Pinecrest Painting Services, showing newly refreshed residential exterior siding and porch.",1200,900
pinecrest-painting-services,Pinecrest Painting Services,Painting,2,portfolio,pinecrest-painting-services-cabinet-refinishing-03.svg,"Fictional painting portfolio concept for Pinecrest Painting Services, showing completed warm-neutral kitchen cabinet refinishing.",1200,900
meadow-flooring-atelier,Meadow Flooring Atelier,Flooring,0,thumbnail,meadow-flooring-atelier-hardwood-installation-01.svg,"Fictional flooring portfolio concept for Meadow Flooring Atelier, showing a completed light-oak hardwood floor with natural grain.",1200,900
meadow-flooring-atelier,Meadow Flooring Atelier,Flooring,1,portfolio,meadow-flooring-atelier-tile-layout-02.svg,"Fictional flooring portfolio concept for Meadow Flooring Atelier, showing a large-format porcelain tile floor with clean grout lines.",1200,900
meadow-flooring-atelier,Meadow Flooring Atelier,Flooring,2,portfolio,meadow-flooring-atelier-stair-flooring-03.svg,"Fictional flooring portfolio concept for Meadow Flooring Atelier, showing precise hardwood stair treads and nosing.",1200,900
lakeshore-care-co,Lakeshore Care Co.,Auto Detailing,0,thumbnail,lakeshore-care-co-exterior-detailing-01.svg,"Fictional auto detailing portfolio concept for Lakeshore Care Co., showing a freshly detailed charcoal crossover exterior.",1200,900
lakeshore-care-co,Lakeshore Care Co.,Auto Detailing,1,portfolio,lakeshore-care-co-interior-detailing-02.svg,"Fictional auto detailing portfolio concept for Lakeshore Care Co., showing a spotless neutral vehicle interior.",1200,900
lakeshore-care-co,Lakeshore Care Co.,Auto Detailing,2,portfolio,lakeshore-care-co-wheel-finish-detailing-03.svg,"Fictional auto detailing portfolio concept for Lakeshore Care Co., showing a clean alloy wheel, tire and lower-body finish.",1200,900
riverbend-pet-workshop,Riverbend Pet Workshop,Pet Grooming,0,thumbnail,riverbend-pet-workshop-bath-and-brush-01.svg,"Fictional pet grooming portfolio concept for Riverbend Pet Workshop, showing a calm mixed-breed dog after a professional bath and brush.",1200,900
riverbend-pet-workshop,Riverbend Pet Workshop,Pet Grooming,1,portfolio,riverbend-pet-workshop-full-groom-package-02.svg,"Fictional pet grooming portfolio concept for Riverbend Pet Workshop, showing a comfortable small dog after a full groom.",1200,900
riverbend-pet-workshop,Riverbend Pet Workshop,Pet Grooming,2,portfolio,riverbend-pet-workshop-nail-ear-care-03.svg,"Fictional pet grooming portfolio concept for Riverbend Pet Workshop, showing a tidy nail and ear care setup with unbranded grooming tools.",1200,900
northwind-photography-group,Northwind Photography Group,Photography,0,thumbnail,northwind-photography-group-portrait-studio-01.svg,"Fictional photography portfolio concept for Northwind Photography Group, showing a neutral daylight portrait studio setup.",1200,900
northwind-photography-group,Northwind Photography Group,Photography,1,portfolio,northwind-photography-group-event-photography-02.svg,"Fictional photography portfolio concept for Northwind Photography Group, showing an elegant event-detail photography setting.",1200,900
brightside-crew-company,Brightside Crew Company,Graphic Design,0,thumbnail,brightside-crew-company-brand-identity-01.svg,"Fictional graphic design portfolio concept for Brightside Crew Company, showing an abstract brand-identity moodboard with geometric marks and swatches.",1200,900
brightside-crew-company,Brightside Crew Company,Graphic Design,1,portfolio,brightside-crew-company-print-collateral-02.svg,"Fictional graphic design portfolio concept for Brightside Crew Company, showing refined blank print collateral mockups and paper stocks.",1200,900
brightside-crew-company,Brightside Crew Company,Graphic Design,2,portfolio,brightside-crew-company-social-visual-kit-03.svg,"Fictional graphic design portfolio concept for Brightside Crew Company, showing abstract social visual tiles across tablet and phone.",1200,900
brightside-crew-company,Brightside Crew Company,Graphic Design,3,portfolio,brightside-crew-company-packaging-design-04.svg,"Fictional graphic design portfolio concept for Brightside Crew Company, showing unbranded packaging mockups with color chips and dielines.",1200,900
clearview-services,Clearview Services,Event Decorating,0,thumbnail,clearview-services-table-styling-01.svg,"Fictional event decorating portfolio concept for Clearview Services, showing completed table styling with neutral linens, candles and greenery.",1200,900
clearview-services,Clearview Services,Event Decorating,1,portfolio,clearview-services-balloon-backdrop-02.svg,"Fictional event decorating portfolio concept for Clearview Services, showing a tasteful balloon and fabric backdrop in warm neutral colors.",1200,900
clearview-services,Clearview Services,Event Decorating,2,portfolio,clearview-services-ceremony-decor-03.svg,"Fictional event decorating portfolio concept for Clearview Services, showing a seasonal floral ceremony arrangement with chairs and aisle.",1200,900
oakline-partners,Oakline Partners,Home Organization,0,thumbnail,oakline-partners-closet-refresh-01.svg,"Fictional home organization portfolio concept for Oakline Partners, showing a completed walk-in closet refresh with grouped clothing and baskets.",1200,900
oakline-partners,Oakline Partners,Home Organization,1,portfolio,oakline-partners-pantry-organization-02.svg,"Fictional home organization portfolio concept for Oakline Partners, showing an organized pantry with clear bins and woven baskets.",1200,900
oakline-partners,Oakline Partners,Home Organization,2,portfolio,oakline-partners-kitchen-drawer-organization-03.svg,"Fictional home organization portfolio concept for Oakline Partners, showing carefully divided kitchen drawers with everyday tools.",1200,900
oakline-partners,Oakline Partners,Home Organization,3,portfolio,oakline-partners-whole-home-reset-04.svg,"Fictional home organization portfolio concept for Oakline Partners, showing a calm mudroom reset with hooks, shoes and baskets.",1200,900
fairway-local-collective,Fairway Local Collective,Electrical,0,thumbnail,fairway-local-collective-interior-lighting-upgrade-01.svg,"Fictional electrical portfolio concept for Fairway Local Collective, showing a completed living-room layered lighting upgrade.",1200,900
fairway-local-collective,Fairway Local Collective,Electrical,1,portfolio,fairway-local-collective-switch-outlet-update-02.svg,"Fictional electrical portfolio concept for Fairway Local Collective, showing modern switches and outlets in a bright home office.",1200,900
fairway-local-collective,Fairway Local Collective,Electrical,2,portfolio,fairway-local-collective-panel-review-03.svg,"Fictional electrical portfolio concept for Fairway Local Collective, showing a closed, intact residential electrical panel in an orderly utility area.",1200,900
horizon-place,Horizon Place,Landscaping,0,thumbnail,horizon-place-garden-bed-refresh-01.svg,"Fictional landscaping portfolio concept for Horizon Place, showing a completed native garden-bed refresh with a stone path.",1200,900
horizon-place,Horizon Place,Landscaping,1,portfolio,horizon-place-lawn-care-02.svg,"Fictional landscaping portfolio concept for Horizon Place, showing a healthy lawn with crisp professional edging.",1200,900
horizon-place,Horizon Place,Landscaping,2,portfolio,horizon-place-raised-garden-refresh-03.svg,"Fictional landscaping portfolio concept for Horizon Place, showing refreshed raised vegetable and herb beds.",1200,900
horizon-place,Horizon Place,Landscaping,3,portfolio,horizon-place-seasonal-cleanup-04.svg,"Fictional landscaping portfolio concept for Horizon Place, showing a tidy seasonal leaf-cleanup result around a suburban home.",1200,900
meadow-partners,Meadow Partners,Flooring,0,thumbnail,meadow-partners-hardwood-installation-01.svg,"Fictional flooring portfolio concept for Meadow Partners, showing a completed light-oak hardwood floor with natural grain.",1200,900
meadow-partners,Meadow Partners,Flooring,1,portfolio,meadow-partners-tile-layout-02.svg,"Fictional flooring portfolio concept for Meadow Partners, showing a large-format porcelain tile floor with clean grout lines.",1200,900
harbour-home-collective,Harbour Home Collective,Appliance Repair,0,thumbnail,harbour-home-collective-refrigerator-diagnosis-01.svg,"Fictional appliance repair portfolio concept for Harbour Home Collective, showing a refrigerator temperature-assessment setting in a bright kitchen.",1200,900
harbour-home-collective,Harbour Home Collective,Appliance Repair,1,portfolio,harbour-home-collective-laundry-appliance-support-02.svg,"Fictional appliance repair portfolio concept for Harbour Home Collective, showing a washer and dryer levelling-assessment setting.",1200,900
harbour-home-collective,Harbour Home Collective,Appliance Repair,2,portfolio,harbour-home-collective-dishwasher-diagnosis-03.svg,"Fictional appliance repair portfolio concept for Harbour Home Collective, showing a careful dishwasher door and rack inspection.",1200,900
harbour-place-services,Harbour Place Services,Auto Detailing,0,thumbnail,harbour-place-services-exterior-detailing-01.svg,"Fictional auto detailing portfolio concept for Harbour Place Services, showing a freshly detailed charcoal crossover exterior.",1200,900
harbour-place-services,Harbour Place Services,Auto Detailing,1,portfolio,harbour-place-services-interior-detailing-02.svg,"Fictional auto detailing portfolio concept for Harbour Place Services, showing a spotless neutral vehicle interior.",1200,900
harbour-place-services,Harbour Place Services,Auto Detailing,2,portfolio,harbour-place-services-wheel-finish-detailing-03.svg,"Fictional auto detailing portfolio concept for Harbour Place Services, showing a clean alloy wheel, tire and lower-body finish.",1200,900
skyline-services,Skyline Services,Pet Grooming,0,thumbnail,skyline-services-bath-and-brush-01.svg,"Fictional pet grooming portfolio concept for Skyline Services, showing a calm mixed-breed dog after a professional bath and brush.",1200,900
skyline-services,Skyline Services,Pet Grooming,1,portfolio,skyline-services-full-groom-package-02.svg,"Fictional pet grooming portfolio concept for Skyline Services, showing a comfortable small dog after a full groom.",1200,900
skyline-services,Skyline Services,Pet Grooming,2,portfolio,skyline-services-nail-ear-care-03.svg,"Fictional pet grooming portfolio concept for Skyline Services, showing a tidy nail and ear care setup with unbranded grooming tools.",1200,900
meadow-studio,Meadow Studio,Photography,0,thumbnail,meadow-studio-portrait-studio-01.svg,"Fictional photography portfolio concept for Meadow Studio, showing a neutral daylight portrait studio setup.",1200,900
northwind-craft-practice,Northwind Craft Practice,Graphic Design,0,thumbnail,northwind-craft-practice-brand-identity-01.svg,"Fictional graphic design portfolio concept for Northwind Craft Practice, showing an abstract brand-identity moodboard with geometric marks and swatches.",1200,900
northwind-craft-practice,Northwind Craft Practice,Graphic Design,1,portfolio,northwind-craft-practice-print-collateral-02.svg,"Fictional graphic design portfolio concept for Northwind Craft Practice, showing refined blank print collateral mockups and paper stocks.",1200,900
northwind-craft-practice,Northwind Craft Practice,Graphic Design,2,portfolio,northwind-craft-practice-social-visual-kit-03.svg,"Fictional graphic design portfolio concept for Northwind Craft Practice, showing abstract social visual tiles across tablet and phone.",1200,900
cedar-craft-team,Cedar Craft Team,Web Design,0,thumbnail,cedar-craft-team-responsive-marketing-site-01.svg,"Fictional web design portfolio concept for Cedar Craft Team, showing a responsive fictional marketing site across three devices.",1200,900
cedar-craft-team,Cedar Craft Team,Web Design,1,portfolio,cedar-craft-team-website-redesign-02.svg,"Fictional web design portfolio concept for Cedar Craft Team, showing website redesign wireframes and interface cards.",1200,900
cedar-craft-team,Cedar Craft Team,Web Design,2,portfolio,cedar-craft-team-landing-page-design-03.svg,"Fictional web design portfolio concept for Cedar Craft Team, showing a conversion-focused landing page mockup with clean hierarchy.",1200,900
clearview-heating-collective,Clearview Heating Collective,Heating and Cooling,0,thumbnail,clearview-heating-collective-system-installation-01.svg,"Fictional heating and cooling portfolio concept for Clearview Heating Collective, showing a finished residential air-handler and ductwork installation.",1200,900
fairway-craft-co,Fairway Craft Co.,Electrical,0,thumbnail,fairway-craft-co-interior-lighting-upgrade-01.svg,"Fictional electrical portfolio concept for Fairway Craft Co., showing a completed living-room layered lighting upgrade.",1200,900
silverline-flooring-studio,Silverline Flooring Studio,Flooring,0,thumbnail,silverline-flooring-studio-hardwood-installation-01.svg,"Fictional flooring portfolio concept for Silverline Flooring Studio, showing a completed light-oak hardwood floor with natural grain.",1200,900
silverline-flooring-studio,Silverline Flooring Studio,Flooring,1,portfolio,silverline-flooring-studio-tile-layout-02.svg,"Fictional flooring portfolio concept for Silverline Flooring Studio, showing a large-format porcelain tile floor with clean grout lines.",1200,900
cornerstone-partners,Cornerstone Partners,Auto Detailing,0,thumbnail,cornerstone-partners-exterior-detailing-01.svg,"Fictional auto detailing portfolio concept for Cornerstone Partners, showing a freshly detailed charcoal crossover exterior.",1200,900
cornerstone-partners,Cornerstone Partners,Auto Detailing,1,portfolio,cornerstone-partners-interior-detailing-02.svg,"Fictional auto detailing portfolio concept for Cornerstone Partners, showing a spotless neutral vehicle interior.",1200,900
brightside-lane-group,Brightside Lane Group,Pet Grooming,0,thumbnail,brightside-lane-group-bath-and-brush-01.svg,"Fictional pet grooming portfolio concept for Brightside Lane Group, showing a calm mixed-breed dog after a professional bath and brush.",1200,900
brightside-lane-group,Brightside Lane Group,Pet Grooming,1,portfolio,brightside-lane-group-full-groom-package-02.svg,"Fictional pet grooming portfolio concept for Brightside Lane Group, showing a comfortable small dog after a full groom.",1200,900
brightside-lane-group,Brightside Lane Group,Pet Grooming,2,portfolio,brightside-lane-group-nail-ear-care-03.svg,"Fictional pet grooming portfolio concept for Brightside Lane Group, showing a tidy nail and ear care setup with unbranded grooming tools.",1200,900
brightside-lane-group,Brightside Lane Group,Pet Grooming,3,portfolio,brightside-lane-group-cat-grooming-04.svg,"Fictional pet grooming portfolio concept for Brightside Lane Group, showing a calm long-haired cat after gentle grooming.",1200,900
silverline-home,Silverline Home,Photography,0,thumbnail,silverline-home-portrait-studio-01.svg,"Fictional photography portfolio concept for Silverline Home, showing a neutral daylight portrait studio setup.",1200,900
silverline-home,Silverline Home,Photography,1,portfolio,silverline-home-event-photography-02.svg,"Fictional photography portfolio concept for Silverline Home, showing an elegant event-detail photography setting.",1200,900
silverline-home,Silverline Home,Photography,2,portfolio,silverline-home-product-photography-03.svg,"Fictional photography portfolio concept for Silverline Home, showing a refined ceramic product photography setup.",1200,900
fieldstone-craft,Fieldstone Craft,Web Design,0,thumbnail,fieldstone-craft-responsive-marketing-site-01.svg,"Fictional web design portfolio concept for Fieldstone Craft, showing a responsive fictional marketing site across three devices.",1200,900
lakeshore-heating-services,Lakeshore Heating Services,Heating and Cooling,0,thumbnail,lakeshore-heating-services-system-installation-01.svg,"Fictional heating and cooling portfolio concept for Lakeshore Heating Services, showing a finished residential air-handler and ductwork installation.",1200,900
cornerstone-craft-practice,Cornerstone Craft Practice,Home Cleaning,0,thumbnail,cornerstone-craft-practice-recurring-home-cleaning-01.svg,"Fictional home cleaning portfolio concept for Cornerstone Craft Practice, showing a freshly finished living room after recurring home cleaning.",1200,900
cornerstone-craft-practice,Cornerstone Craft Practice,Home Cleaning,1,portfolio,cornerstone-craft-practice-deep-kitchen-cleaning-02.svg,"Fictional home cleaning portfolio concept for Cornerstone Craft Practice, showing a detailed bright kitchen with spotless counters and sink.",1200,900
bluebell-pro,Bluebell Pro,Landscaping,0,thumbnail,bluebell-pro-garden-bed-refresh-01.svg,"Fictional landscaping portfolio concept for Bluebell Pro, showing a completed native garden-bed refresh with a stone path.",1200,900
canvas-local,Canvas Local,Moving Services,0,thumbnail,canvas-local-local-move-support-01.svg,"Fictional moving services portfolio concept for Canvas Local, showing an organized residential entry with sturdy boxes and a clear path.",1200,900
canvas-local,Canvas Local,Moving Services,1,portfolio,canvas-local-furniture-transport-02.svg,"Fictional moving services portfolio concept for Canvas Local, showing a sofa and chair carefully protected with reusable moving blankets.",1200,900
canvas-local,Canvas Local,Moving Services,2,portfolio,canvas-local-packing-assistance-03.svg,"Fictional moving services portfolio concept for Canvas Local, showing a well-stocked, text-free residential packing station.",1200,900
lakeshore-craft,Lakeshore Craft,Painting,0,thumbnail,lakeshore-craft-interior-painting-01.svg,"Fictional painting portfolio concept for Lakeshore Craft, showing a freshly completed olive living-room accent wall with crisp trim.",1200,900
lakeshore-craft,Lakeshore Craft,Painting,1,portfolio,lakeshore-craft-exterior-painting-02.svg,"Fictional painting portfolio concept for Lakeshore Craft, showing newly refreshed residential exterior siding and porch.",1200,900
lakeshore-craft,Lakeshore Craft,Painting,2,portfolio,lakeshore-craft-cabinet-refinishing-03.svg,"Fictional painting portfolio concept for Lakeshore Craft, showing completed warm-neutral kitchen cabinet refinishing.",1200,900
lakeshore-craft,Lakeshore Craft,Painting,3,portfolio,lakeshore-craft-feature-wall-painting-04.svg,"Fictional painting portfolio concept for Lakeshore Craft, showing a precise muted-blue bedroom feature wall.",1200,900
truenorth-lane,TrueNorth Lane,Appliance Repair,0,thumbnail,truenorth-lane-refrigerator-diagnosis-01.svg,"Fictional appliance repair portfolio concept for TrueNorth Lane, showing a refrigerator temperature-assessment setting in a bright kitchen.",1200,900
truenorth-lane,TrueNorth Lane,Appliance Repair,1,portfolio,truenorth-lane-laundry-appliance-support-02.svg,"Fictional appliance repair portfolio concept for TrueNorth Lane, showing a washer and dryer levelling-assessment setting.",1200,900
truenorth-lane,TrueNorth Lane,Appliance Repair,2,portfolio,truenorth-lane-dishwasher-diagnosis-03.svg,"Fictional appliance repair portfolio concept for TrueNorth Lane, showing a careful dishwasher door and rack inspection.",1200,900
greenfield-collective,Greenfield Collective,Photography,0,thumbnail,greenfield-collective-portrait-studio-01.svg,"Fictional photography portfolio concept for Greenfield Collective, showing a neutral daylight portrait studio setup.",1200,900
greenfield-collective,Greenfield Collective,Photography,1,portfolio,greenfield-collective-event-photography-02.svg,"Fictional photography portfolio concept for Greenfield Collective, showing an elegant event-detail photography setting.",1200,900
greenfield-collective,Greenfield Collective,Photography,2,portfolio,greenfield-collective-product-photography-03.svg,"Fictional photography portfolio concept for Greenfield Collective, showing a refined ceramic product photography setup.",1200,900
summit-home-studio,Summit Home Studio,Web Design,0,thumbnail,summit-home-studio-responsive-marketing-site-01.svg,"Fictional web design portfolio concept for Summit Home Studio, showing a responsive fictional marketing site across three devices.",1200,900
summit-home-studio,Summit Home Studio,Web Design,1,portfolio,summit-home-studio-website-redesign-02.svg,"Fictional web design portfolio concept for Summit Home Studio, showing website redesign wireframes and interface cards.",1200,900
bridgewater-heating-studio,Bridgewater Heating Studio,Heating and Cooling,0,thumbnail,bridgewater-heating-studio-system-installation-01.svg,"Fictional heating and cooling portfolio concept for Bridgewater Heating Studio, showing a finished residential air-handler and ductwork installation.",1200,900
bridgewater-heating-studio,Bridgewater Heating Studio,Heating and Cooling,1,portfolio,bridgewater-heating-studio-heat-pump-comfort-02.svg,"Fictional heating and cooling portfolio concept for Bridgewater Heating Studio, showing a wall-mounted heat-pump comfort system in a bright living room.",1200,900
harbour-electrical-workshop,Harbour Electrical Workshop,Electrical,0,thumbnail,harbour-electrical-workshop-interior-lighting-upgrade-01.svg,"Fictional electrical portfolio concept for Harbour Electrical Workshop, showing a completed living-room layered lighting upgrade.",1200,900
skyline-services-studio,Skyline Services Studio,Auto Detailing,0,thumbnail,skyline-services-studio-exterior-detailing-01.svg,"Fictional auto detailing portfolio concept for Skyline Services Studio, showing a freshly detailed charcoal crossover exterior.",1200,900
skyline-services-studio,Skyline Services Studio,Auto Detailing,1,portfolio,skyline-services-studio-interior-detailing-02.svg,"Fictional auto detailing portfolio concept for Skyline Services Studio, showing a spotless neutral vehicle interior.",1200,900
skyline-services-studio,Skyline Services Studio,Auto Detailing,2,portfolio,skyline-services-studio-wheel-finish-detailing-03.svg,"Fictional auto detailing portfolio concept for Skyline Services Studio, showing a clean alloy wheel, tire and lower-body finish.",1200,900
skyline-services-studio,Skyline Services Studio,Auto Detailing,3,portfolio,skyline-services-studio-full-detail-package-04.svg,"Fictional auto detailing portfolio concept for Skyline Services Studio, showing a completed full-detail family sedan with a clean interior.",1200,900
cornerstone-web-team,Cornerstone Web Team,Web Design,0,thumbnail,cornerstone-web-team-responsive-marketing-site-01.svg,"Fictional web design portfolio concept for Cornerstone Web Team, showing a responsive fictional marketing site across three devices.",1200,900
cornerstone-web-team,Cornerstone Web Team,Web Design,1,portfolio,cornerstone-web-team-website-redesign-02.svg,"Fictional web design portfolio concept for Cornerstone Web Team, showing website redesign wireframes and interface cards.",1200,900
cornerstone-web-team,Cornerstone Web Team,Web Design,2,portfolio,cornerstone-web-team-landing-page-design-03.svg,"Fictional web design portfolio concept for Cornerstone Web Team, showing a conversion-focused landing page mockup with clean hierarchy.",1200,900
cornerstone-web-team,Cornerstone Web Team,Web Design,3,portfolio,cornerstone-web-team-design-system-04.svg,"Fictional web design portfolio concept for Cornerstone Web Team, showing a design-system workspace with component and device previews.",1200,900
silverline-room-collective,Silverline Room Collective,Event Decorating,0,thumbnail,silverline-room-collective-table-styling-01.svg,"Fictional event decorating portfolio concept for Silverline Room Collective, showing completed table styling with neutral linens, candles and greenery.",1200,900
silverline-room-collective,Silverline Room Collective,Event Decorating,1,portfolio,silverline-room-collective-balloon-backdrop-02.svg,"Fictional event decorating portfolio concept for Silverline Room Collective, showing a tasteful balloon and fabric backdrop in warm neutral colors.",1200,900
nestled-collective-group,Nestled Collective Group,Home Organization,0,thumbnail,nestled-collective-group-closet-refresh-01.svg,"Fictional home organization portfolio concept for Nestled Collective Group, showing a completed walk-in closet refresh with grouped clothing and baskets.",1200,900
nestled-collective-group,Nestled Collective Group,Home Organization,1,portfolio,nestled-collective-group-pantry-organization-02.svg,"Fictional home organization portfolio concept for Nestled Collective Group, showing an organized pantry with clear bins and woven baskets.",1200,900
harbour-house-team,Harbour House Team,Landscaping,0,thumbnail,harbour-house-team-garden-bed-refresh-01.svg,"Fictional landscaping portfolio concept for Harbour House Team, showing a completed native garden-bed refresh with a stone path.",1200,900
harbour-house-team,Harbour House Team,Landscaping,1,portfolio,harbour-house-team-lawn-care-02.svg,"Fictional landscaping portfolio concept for Harbour House Team, showing a healthy lawn with crisp professional edging.",1200,900
harbour-house-team,Harbour House Team,Landscaping,2,portfolio,harbour-house-team-raised-garden-refresh-03.svg,"Fictional landscaping portfolio concept for Harbour House Team, showing refreshed raised vegetable and herb beds.",1200,900
pinecrest-works,Pinecrest Works,Painting,0,thumbnail,pinecrest-works-interior-painting-01.svg,"Fictional painting portfolio concept for Pinecrest Works, showing a freshly completed olive living-room accent wall with crisp trim.",1200,900
pinecrest-works,Pinecrest Works,Painting,1,portfolio,pinecrest-works-exterior-painting-02.svg,"Fictional painting portfolio concept for Pinecrest Works, showing newly refreshed residential exterior siding and porch.",1200,900
driftwood-appliance-collective,Driftwood Appliance Collective,Appliance Repair,0,thumbnail,driftwood-appliance-collective-refrigerator-diagnosis-01.svg,"Fictional appliance repair portfolio concept for Driftwood Appliance Collective, showing a refrigerator temperature-assessment setting in a bright kitchen.",1200,900
nestled-room-collective,Nestled Room Collective,Photography,0,thumbnail,nestled-room-collective-portrait-studio-01.svg,"Fictional photography portfolio concept for Nestled Room Collective, showing a neutral daylight portrait studio setup.",1200,900
nestled-room-collective,Nestled Room Collective,Photography,1,portfolio,nestled-room-collective-event-photography-02.svg,"Fictional photography portfolio concept for Nestled Room Collective, showing an elegant event-detail photography setting.",1200,900
nestled-room-collective,Nestled Room Collective,Photography,2,portfolio,nestled-room-collective-product-photography-03.svg,"Fictional photography portfolio concept for Nestled Room Collective, showing a refined ceramic product photography setup.",1200,900
nestled-room-collective,Nestled Room Collective,Photography,3,portfolio,nestled-room-collective-photography-workspace-04.svg,"Fictional photography portfolio concept for Nestled Room Collective, showing an organized photographer workspace with camera and contact sheets.",1200,900
amberly-care-workshop,Amberly Care Workshop,IT Support,0,thumbnail,amberly-care-workshop-device-setup-support-01.svg,"Fictional it support portfolio concept for Amberly Care Workshop, showing a tidy laptop and desktop device setup.",1200,900
amberly-care-workshop,Amberly Care Workshop,IT Support,1,portfolio,amberly-care-workshop-home-network-review-02.svg,"Fictional it support portfolio concept for Amberly Care Workshop, showing an organized router and home-network review setting.",1200,900
amberly-care-workshop,Amberly Care Workshop,IT Support,2,portfolio,amberly-care-workshop-cable-management-03.svg,"Fictional it support portfolio concept for Amberly Care Workshop, showing professional under-desk cable management with safe connections.",1200,900
amberly-care-workshop,Amberly Care Workshop,IT Support,3,portfolio,amberly-care-workshop-small-business-tech-support-04.svg,"Fictional it support portfolio concept for Amberly Care Workshop, showing a calm small-business workstation and network setup.",1200,900
beacon-lane-co,Beacon Lane Co.,Graphic Design,0,thumbnail,beacon-lane-co-brand-identity-01.svg,"Fictional graphic design portfolio concept for Beacon Lane Co., showing an abstract brand-identity moodboard with geometric marks and swatches.",1200,900
waypoint-crew-studio,Waypoint Crew Studio,Home Organization,0,thumbnail,waypoint-crew-studio-closet-refresh-01.svg,"Fictional home organization portfolio concept for Waypoint Crew Studio, showing a completed walk-in closet refresh with grouped clothing and baskets.",1200,900
nestled-works-practice,Nestled Works Practice,Handyman Services,0,thumbnail,nestled-works-practice-mounting-and-installs-01.svg,"Fictional handyman services portfolio concept for Nestled Works Practice, showing a completed entryway with sturdy wall hooks and a level floating shelf.",1200,900
nestled-works-practice,Nestled Works Practice,Handyman Services,1,portfolio,nestled-works-practice-general-home-repair-02.svg,"Fictional handyman services portfolio concept for Nestled Works Practice, showing a smooth repaired and repainted interior wall.",1200,900
nestled-works-practice,Nestled Works Practice,Handyman Services,2,portfolio,nestled-works-practice-seasonal-home-prep-03.svg,"Fictional handyman services portfolio concept for Nestled Works Practice, showing completed window weather-sealing and trim refresh.",1200,900
lakeshore-heating-co,Lakeshore Heating Co.,Heating and Cooling,0,thumbnail,lakeshore-heating-co-system-installation-01.svg,"Fictional heating and cooling portfolio concept for Lakeshore Heating Co., showing a finished residential air-handler and ductwork installation.",1200,900
maple-care-company,Maple Care Company,Electrical,0,thumbnail,maple-care-company-interior-lighting-upgrade-01.svg,"Fictional electrical portfolio concept for Maple Care Company, showing a completed living-room layered lighting upgrade.",1200,900
amberly-home-atelier,Amberly Home Atelier,Home Cleaning,0,thumbnail,amberly-home-atelier-recurring-home-cleaning-01.svg,"Fictional home cleaning portfolio concept for Amberly Home Atelier, showing a freshly finished living room after recurring home cleaning.",1200,900
amberly-home-atelier,Amberly Home Atelier,Home Cleaning,1,portfolio,amberly-home-atelier-deep-kitchen-cleaning-02.svg,"Fictional home cleaning portfolio concept for Amberly Home Atelier, showing a detailed bright kitchen with spotless counters and sink.",1200,900
amberly-home-atelier,Amberly Home Atelier,Home Cleaning,2,portfolio,amberly-home-atelier-bathroom-cleaning-03.svg,"Fictional home cleaning portfolio concept for Amberly Home Atelier, showing a polished bathroom vanity, mirror and shower.",1200,900
maple-collective-workshop,Maple Collective Workshop,Landscaping,0,thumbnail,maple-collective-workshop-garden-bed-refresh-01.svg,"Fictional landscaping portfolio concept for Maple Collective Workshop, showing a completed native garden-bed refresh with a stone path.",1200,900
maple-collective-workshop,Maple Collective Workshop,Landscaping,1,portfolio,maple-collective-workshop-lawn-care-02.svg,"Fictional landscaping portfolio concept for Maple Collective Workshop, showing a healthy lawn with crisp professional edging.",1200,900
maple-collective-workshop,Maple Collective Workshop,Landscaping,2,portfolio,maple-collective-workshop-raised-garden-refresh-03.svg,"Fictional landscaping portfolio concept for Maple Collective Workshop, showing refreshed raised vegetable and herb beds.",1200,900
maple-collective-workshop,Maple Collective Workshop,Landscaping,3,portfolio,maple-collective-workshop-seasonal-cleanup-04.svg,"Fictional landscaping portfolio concept for Maple Collective Workshop, showing a tidy seasonal leaf-cleanup result around a suburban home.",1200,900
truenorth-moving-company,TrueNorth Moving Company,Moving Services,0,thumbnail,truenorth-moving-company-local-move-support-01.svg,"Fictional moving services portfolio concept for TrueNorth Moving Company, showing an organized residential entry with sturdy boxes and a clear path.",1200,900
truenorth-moving-company,TrueNorth Moving Company,Moving Services,1,portfolio,truenorth-moving-company-furniture-transport-02.svg,"Fictional moving services portfolio concept for TrueNorth Moving Company, showing a sofa and chair carefully protected with reusable moving blankets.",1200,900
truenorth-moving-company,TrueNorth Moving Company,Moving Services,2,portfolio,truenorth-moving-company-packing-assistance-03.svg,"Fictional moving services portfolio concept for TrueNorth Moving Company, showing a well-stocked, text-free residential packing station.",1200,900
bluebell-works,Bluebell Works,Appliance Repair,0,thumbnail,bluebell-works-refrigerator-diagnosis-01.svg,"Fictional appliance repair portfolio concept for Bluebell Works, showing a refrigerator temperature-assessment setting in a bright kitchen.",1200,900
bluebell-works,Bluebell Works,Appliance Repair,1,portfolio,bluebell-works-laundry-appliance-support-02.svg,"Fictional appliance repair portfolio concept for Bluebell Works, showing a washer and dryer levelling-assessment setting.",1200,900
bluebell-works,Bluebell Works,Appliance Repair,2,portfolio,bluebell-works-dishwasher-diagnosis-03.svg,"Fictional appliance repair portfolio concept for Bluebell Works, showing a careful dishwasher door and rack inspection.",1200,900
bluebell-works,Bluebell Works,Appliance Repair,3,portfolio,bluebell-works-oven-inspection-04.svg,"Fictional appliance repair portfolio concept for Bluebell Works, showing an oven door, seal and rack inspection setting.",1200,900
skyline-works-studio,Skyline Works Studio,Pet Grooming,0,thumbnail,skyline-works-studio-bath-and-brush-01.svg,"Fictional pet grooming portfolio concept for Skyline Works Studio, showing a calm mixed-breed dog after a professional bath and brush.",1200,900
sunrise-place-atelier,Sunrise Place Atelier,IT Support,0,thumbnail,sunrise-place-atelier-device-setup-support-01.svg,"Fictional it support portfolio concept for Sunrise Place Atelier, showing a tidy laptop and desktop device setup.",1200,900
sunrise-place-atelier,Sunrise Place Atelier,IT Support,1,portfolio,sunrise-place-atelier-home-network-review-02.svg,"Fictional it support portfolio concept for Sunrise Place Atelier, showing an organized router and home-network review setting.",1200,900
sunrise-place-atelier,Sunrise Place Atelier,IT Support,2,portfolio,sunrise-place-atelier-cable-management-03.svg,"Fictional it support portfolio concept for Sunrise Place Atelier, showing professional under-desk cable management with safe connections.",1200,900
sunrise-place-atelier,Sunrise Place Atelier,IT Support,3,portfolio,sunrise-place-atelier-small-business-tech-support-04.svg,"Fictional it support portfolio concept for Sunrise Place Atelier, showing a calm small-business workstation and network setup.",1200,900
horizon-local-group,Horizon Local Group,Graphic Design,0,thumbnail,horizon-local-group-brand-identity-01.svg,"Fictional graphic design portfolio concept for Horizon Local Group, showing an abstract brand-identity moodboard with geometric marks and swatches.",1200,900
horizon-local-group,Horizon Local Group,Graphic Design,1,portfolio,horizon-local-group-print-collateral-02.svg,"Fictional graphic design portfolio concept for Horizon Local Group, showing refined blank print collateral mockups and paper stocks.",1200,900
horizon-local-group,Horizon Local Group,Graphic Design,2,portfolio,horizon-local-group-social-visual-kit-03.svg,"Fictional graphic design portfolio concept for Horizon Local Group, showing abstract social visual tiles across tablet and phone.",1200,900
nestled-place-group,Nestled Place Group,Landscaping,0,thumbnail,nestled-place-group-garden-bed-refresh-01.svg,"Fictional landscaping portfolio concept for Nestled Place Group, showing a completed native garden-bed refresh with a stone path.",1200,900
nestled-place-group,Nestled Place Group,Landscaping,1,portfolio,nestled-place-group-lawn-care-02.svg,"Fictional landscaping portfolio concept for Nestled Place Group, showing a healthy lawn with crisp professional edging.",1200,900
harbour-home-team,Harbour Home Team,Appliance Repair,0,thumbnail,harbour-home-team-refrigerator-diagnosis-01.svg,"Fictional appliance repair portfolio concept for Harbour Home Team, showing a refrigerator temperature-assessment setting in a bright kitchen.",1200,900
harbour-home-team,Harbour Home Team,Appliance Repair,1,portfolio,harbour-home-team-laundry-appliance-support-02.svg,"Fictional appliance repair portfolio concept for Harbour Home Team, showing a washer and dryer levelling-assessment setting.",1200,900
harbour-home-team,Harbour Home Team,Appliance Repair,2,portfolio,harbour-home-team-dishwasher-diagnosis-03.svg,"Fictional appliance repair portfolio concept for Harbour Home Team, showing a careful dishwasher door and rack inspection.",1200,900
harbour-home-team,Harbour Home Team,Appliance Repair,3,portfolio,harbour-home-team-oven-inspection-04.svg,"Fictional appliance repair portfolio concept for Harbour Home Team, showing an oven door, seal and rack inspection setting.",1200,900
beacon-home-group,Beacon Home Group,Auto Detailing,0,thumbnail,beacon-home-group-exterior-detailing-01.svg,"Fictional auto detailing portfolio concept for Beacon Home Group, showing a freshly detailed charcoal crossover exterior.",1200,900
beacon-home-group,Beacon Home Group,Auto Detailing,1,portfolio,beacon-home-group-interior-detailing-02.svg,"Fictional auto detailing portfolio concept for Beacon Home Group, showing a spotless neutral vehicle interior.",1200,900
beacon-home-group,Beacon Home Group,Auto Detailing,2,portfolio,beacon-home-group-wheel-finish-detailing-03.svg,"Fictional auto detailing portfolio concept for Beacon Home Group, showing a clean alloy wheel, tire and lower-body finish.",1200,900
pinecrest-room-practice,Pinecrest Room Practice,Pet Grooming,0,thumbnail,pinecrest-room-practice-bath-and-brush-01.svg,"Fictional pet grooming portfolio concept for Pinecrest Room Practice, showing a calm mixed-breed dog after a professional bath and brush.",1200,900
pinecrest-room-practice,Pinecrest Room Practice,Pet Grooming,1,portfolio,pinecrest-room-practice-full-groom-package-02.svg,"Fictional pet grooming portfolio concept for Pinecrest Room Practice, showing a comfortable small dog after a full groom.",1200,900
waypoint-local-collective,Waypoint Local Collective,Photography,0,thumbnail,waypoint-local-collective-portrait-studio-01.svg,"Fictional photography portfolio concept for Waypoint Local Collective, showing a neutral daylight portrait studio setup.",1200,900
northwind-crew-co,Northwind Crew Co.,Event Decorating,0,thumbnail,northwind-crew-co-table-styling-01.svg,"Fictional event decorating portfolio concept for Northwind Crew Co., showing completed table styling with neutral linens, candles and greenery.",1200,900
northwind-crew-co,Northwind Crew Co.,Event Decorating,1,portfolio,northwind-crew-co-balloon-backdrop-02.svg,"Fictional event decorating portfolio concept for Northwind Crew Co., showing a tasteful balloon and fabric backdrop in warm neutral colors.",1200,900
amberly-home-atelier-2,Amberly Home Atelier,Home Organization,0,thumbnail,amberly-home-atelier-2-closet-refresh-01.svg,"Fictional home organization portfolio concept for Amberly Home Atelier, showing a completed walk-in closet refresh with grouped clothing and baskets.",1200,900
amberly-home-atelier-2,Amberly Home Atelier,Home Organization,1,portfolio,amberly-home-atelier-2-pantry-organization-02.svg,"Fictional home organization portfolio concept for Amberly Home Atelier, showing an organized pantry with clear bins and woven baskets.",1200,900
maple-heating-team,Maple Heating Team,Heating and Cooling,0,thumbnail,maple-heating-team-system-installation-01.svg,"Fictional heating and cooling portfolio concept for Maple Heating Team, showing a finished residential air-handler and ductwork installation.",1200,900
maple-heating-team,Maple Heating Team,Heating and Cooling,1,portfolio,maple-heating-team-heat-pump-comfort-02.svg,"Fictional heating and cooling portfolio concept for Maple Heating Team, showing a wall-mounted heat-pump comfort system in a bright living room.",1200,900
maple-heating-team,Maple Heating Team,Heating and Cooling,2,portfolio,maple-heating-team-filter-airflow-review-03.svg,"Fictional heating and cooling portfolio concept for Maple Heating Team, showing a clean filter-access and airflow-review setting.",1200,900
skyline-home,Skyline Home,Plumbing,0,thumbnail,skyline-home-kitchen-fixture-update-01.svg,"Fictional plumbing portfolio concept for Skyline Home, showing a completed kitchen sink and faucet update with orderly plumbing.",1200,900
skyline-home,Skyline Home,Plumbing,1,portfolio,skyline-home-bath-fixture-update-02.svg,"Fictional plumbing portfolio concept for Skyline Home, showing a bright bathroom with updated shower and tub fixtures.",1200,900
skyline-home,Skyline Home,Plumbing,2,portfolio,skyline-home-water-heater-support-03.svg,"Fictional plumbing portfolio concept for Skyline Home, showing a neatly installed residential water heater in a clean utility room.",1200,900
skyline-home,Skyline Home,Plumbing,3,portfolio,skyline-home-drain-assessment-04.svg,"Fictional plumbing portfolio concept for Skyline Home, showing a clean vanity basin and drain-assessment setting with intact fixtures.",1200,900
greenfield-works-workshop,Greenfield Works Workshop,Photography,0,thumbnail,greenfield-works-workshop-portrait-studio-01.svg,"Fictional photography portfolio concept for Greenfield Works Workshop, showing a neutral daylight portrait studio setup.",1200,900
greenfield-works-workshop,Greenfield Works Workshop,Photography,1,portfolio,greenfield-works-workshop-event-photography-02.svg,"Fictional photography portfolio concept for Greenfield Works Workshop, showing an elegant event-detail photography setting.",1200,900
cedar-works-company,Cedar Works Company,Web Design,0,thumbnail,cedar-works-company-responsive-marketing-site-01.svg,"Fictional web design portfolio concept for Cedar Works Company, showing a responsive fictional marketing site across three devices.",1200,900
cedar-works-company,Cedar Works Company,Web Design,1,portfolio,cedar-works-company-website-redesign-02.svg,"Fictional web design portfolio concept for Cedar Works Company, showing website redesign wireframes and interface cards.",1200,900
cedar-works-company,Cedar Works Company,Web Design,2,portfolio,cedar-works-company-landing-page-design-03.svg,"Fictional web design portfolio concept for Cedar Works Company, showing a conversion-focused landing page mockup with clean hierarchy.",1200,900
clearview-crew-services,Clearview Crew Services,Event Decorating,0,thumbnail,clearview-crew-services-table-styling-01.svg,"Fictional event decorating portfolio concept for Clearview Crew Services, showing completed table styling with neutral linens, candles and greenery.",1200,900
clearview-crew-services,Clearview Crew Services,Event Decorating,1,portfolio,clearview-crew-services-balloon-backdrop-02.svg,"Fictional event decorating portfolio concept for Clearview Crew Services, showing a tasteful balloon and fabric backdrop in warm neutral colors.",1200,900
clearview-crew-services,Clearview Crew Services,Event Decorating,2,portfolio,clearview-crew-services-ceremony-decor-03.svg,"Fictional event decorating portfolio concept for Clearview Crew Services, showing a seasonal floral ceremony arrangement with chairs and aisle.",1200,900
clearview-crew-services,Clearview Crew Services,Event Decorating,3,portfolio,clearview-crew-services-full-event-styling-04.svg,"Fictional event decorating portfolio concept for Clearview Crew Services, showing a fully styled intimate celebration venue.",1200,900
summit-home-team,Summit Home Team,Home Organization,0,thumbnail,summit-home-team-closet-refresh-01.svg,"Fictional home organization portfolio concept for Summit Home Team, showing a completed walk-in closet refresh with grouped clothing and baskets.",1200,900
summit-home-team,Summit Home Team,Home Organization,1,portfolio,summit-home-team-pantry-organization-02.svg,"Fictional home organization portfolio concept for Summit Home Team, showing an organized pantry with clear bins and woven baskets.",1200,900
summit-home-team,Summit Home Team,Home Organization,2,portfolio,summit-home-team-kitchen-drawer-organization-03.svg,"Fictional home organization portfolio concept for Summit Home Team, showing carefully divided kitchen drawers with everyday tools.",1200,900
summit-home-team,Summit Home Team,Home Organization,3,portfolio,summit-home-team-whole-home-reset-04.svg,"Fictional home organization portfolio concept for Summit Home Team, showing a calm mudroom reset with hooks, shoes and baskets.",1200,900
northwind-electrical-atelier,Northwind Electrical Atelier,Electrical,0,thumbnail,northwind-electrical-atelier-interior-lighting-upgrade-01.svg,"Fictional electrical portfolio concept for Northwind Electrical Atelier, showing a completed living-room layered lighting upgrade.",1200,900
horizon-home-atelier-2,Horizon Home Atelier,Home Cleaning,0,thumbnail,horizon-home-atelier-2-recurring-home-cleaning-01.svg,"Fictional home cleaning portfolio concept for Horizon Home Atelier, showing a freshly finished living room after recurring home cleaning.",1200,900
horizon-home-atelier-2,Horizon Home Atelier,Home Cleaning,1,portfolio,horizon-home-atelier-2-deep-kitchen-cleaning-02.svg,"Fictional home cleaning portfolio concept for Horizon Home Atelier, showing a detailed bright kitchen with spotless counters and sink.",1200,900
horizon-home-atelier-2,Horizon Home Atelier,Home Cleaning,2,portfolio,horizon-home-atelier-2-bathroom-cleaning-03.svg,"Fictional home cleaning portfolio concept for Horizon Home Atelier, showing a polished bathroom vanity, mirror and shower.",1200,900
truenorth-partners-collective,TrueNorth Partners Collective,Landscaping,0,thumbnail,truenorth-partners-collective-garden-bed-refresh-01.svg,"Fictional landscaping portfolio concept for TrueNorth Partners Collective, showing a completed native garden-bed refresh with a stone path.",1200,900
truenorth-partners-collective,TrueNorth Partners Collective,Landscaping,1,portfolio,truenorth-partners-collective-lawn-care-02.svg,"Fictional landscaping portfolio concept for TrueNorth Partners Collective, showing a healthy lawn with crisp professional edging.",1200,900
truenorth-partners-collective,TrueNorth Partners Collective,Landscaping,2,portfolio,truenorth-partners-collective-raised-garden-refresh-03.svg,"Fictional landscaping portfolio concept for TrueNorth Partners Collective, showing refreshed raised vegetable and herb beds.",1200,900
meadow-services,Meadow Services,Painting,0,thumbnail,meadow-services-interior-painting-01.svg,"Fictional painting portfolio concept for Meadow Services, showing a freshly completed olive living-room accent wall with crisp trim.",1200,900
meadow-services,Meadow Services,Painting,1,portfolio,meadow-services-exterior-painting-02.svg,"Fictional painting portfolio concept for Meadow Services, showing newly refreshed residential exterior siding and porch.",1200,900
meadow-services,Meadow Services,Painting,2,portfolio,meadow-services-cabinet-refinishing-03.svg,"Fictional painting portfolio concept for Meadow Services, showing completed warm-neutral kitchen cabinet refinishing.",1200,900
meadow-services,Meadow Services,Painting,3,portfolio,meadow-services-feature-wall-painting-04.svg,"Fictional painting portfolio concept for Meadow Services, showing a precise muted-blue bedroom feature wall.",1200,900
silverline-appliance-collective,Silverline Appliance Collective,Appliance Repair,0,thumbnail,silverline-appliance-collective-refrigerator-diagnosis-01.svg,"Fictional appliance repair portfolio concept for Silverline Appliance Collective, showing a refrigerator temperature-assessment setting in a bright kitchen.",1200,900
silverline-appliance-collective,Silverline Appliance Collective,Appliance Repair,1,portfolio,silverline-appliance-collective-laundry-appliance-support-02.svg,"Fictional appliance repair portfolio concept for Silverline Appliance Collective, showing a washer and dryer levelling-assessment setting.",1200,900
silverline-appliance-collective,Silverline Appliance Collective,Appliance Repair,2,portfolio,silverline-appliance-collective-dishwasher-diagnosis-03.svg,"Fictional appliance repair portfolio concept for Silverline Appliance Collective, showing a careful dishwasher door and rack inspection.",1200,900
silverline-appliance-collective,Silverline Appliance Collective,Appliance Repair,3,portfolio,silverline-appliance-collective-oven-inspection-04.svg,"Fictional appliance repair portfolio concept for Silverline Appliance Collective, showing an oven door, seal and rack inspection setting.",1200,900
bridgewater-local-atelier,Bridgewater Local Atelier,Auto Detailing,0,thumbnail,bridgewater-local-atelier-exterior-detailing-01.svg,"Fictional auto detailing portfolio concept for Bridgewater Local Atelier, showing a freshly detailed charcoal crossover exterior.",1200,900
bridgewater-local-atelier,Bridgewater Local Atelier,Auto Detailing,1,portfolio,bridgewater-local-atelier-interior-detailing-02.svg,"Fictional auto detailing portfolio concept for Bridgewater Local Atelier, showing a spotless neutral vehicle interior.",1200,900
bridgewater-local-atelier,Bridgewater Local Atelier,Auto Detailing,2,portfolio,bridgewater-local-atelier-wheel-finish-detailing-03.svg,"Fictional auto detailing portfolio concept for Bridgewater Local Atelier, showing a clean alloy wheel, tire and lower-body finish.",1200,900
bridgewater-local-atelier,Bridgewater Local Atelier,Auto Detailing,3,portfolio,bridgewater-local-atelier-full-detail-package-04.svg,"Fictional auto detailing portfolio concept for Bridgewater Local Atelier, showing a completed full-detail family sedan with a clean interior.",1200,900
pinecrest-home-atelier,Pinecrest Home Atelier,Home Organization,0,thumbnail,pinecrest-home-atelier-closet-refresh-01.svg,"Fictional home organization portfolio concept for Pinecrest Home Atelier, showing a completed walk-in closet refresh with grouped clothing and baskets.",1200,900
beacon-room,Beacon Room,Heating and Cooling,0,thumbnail,beacon-room-system-installation-01.svg,"Fictional heating and cooling portfolio concept for Beacon Room, showing a finished residential air-handler and ductwork installation.",1200,900
beacon-room,Beacon Room,Heating and Cooling,1,portfolio,beacon-room-heat-pump-comfort-02.svg,"Fictional heating and cooling portfolio concept for Beacon Room, showing a wall-mounted heat-pump comfort system in a bright living room.",1200,900
beacon-room,Beacon Room,Heating and Cooling,2,portfolio,beacon-room-filter-airflow-review-03.svg,"Fictional heating and cooling portfolio concept for Beacon Room, showing a clean filter-access and airflow-review setting.",1200,900
greenfield-services,Greenfield Services,Plumbing,0,thumbnail,greenfield-services-kitchen-fixture-update-01.svg,"Fictional plumbing portfolio concept for Greenfield Services, showing a completed kitchen sink and faucet update with orderly plumbing.",1200,900
greenfield-services,Greenfield Services,Plumbing,1,portfolio,greenfield-services-bath-fixture-update-02.svg,"Fictional plumbing portfolio concept for Greenfield Services, showing a bright bathroom with updated shower and tub fixtures.",1200,900
greenfield-services,Greenfield Services,Plumbing,2,portfolio,greenfield-services-water-heater-support-03.svg,"Fictional plumbing portfolio concept for Greenfield Services, showing a neatly installed residential water heater in a clean utility room.",1200,900
greenfield-services,Greenfield Services,Plumbing,3,portfolio,greenfield-services-drain-assessment-04.svg,"Fictional plumbing portfolio concept for Greenfield Services, showing a clean vanity basin and drain-assessment setting with intact fixtures.",1200,900
northwind-works-studio,Northwind Works Studio,Home Cleaning,0,thumbnail,northwind-works-studio-recurring-home-cleaning-01.svg,"Fictional home cleaning portfolio concept for Northwind Works Studio, showing a freshly finished living room after recurring home cleaning.",1200,900
northwind-works-studio,Northwind Works Studio,Home Cleaning,1,portfolio,northwind-works-studio-deep-kitchen-cleaning-02.svg,"Fictional home cleaning portfolio concept for Northwind Works Studio, showing a detailed bright kitchen with spotless counters and sink.",1200,900
northwind-works-studio,Northwind Works Studio,Home Cleaning,2,portfolio,northwind-works-studio-bathroom-cleaning-03.svg,"Fictional home cleaning portfolio concept for Northwind Works Studio, showing a polished bathroom vanity, mirror and shower.",1200,900
northwind-works-studio,Northwind Works Studio,Home Cleaning,3,portfolio,northwind-works-studio-move-out-cleaning-04.svg,"Fictional home cleaning portfolio concept for Northwind Works Studio, showing an empty room vacuumed and ready for turnover.",1200,900
beacon-house-company,Beacon House Company,Landscaping,0,thumbnail,beacon-house-company-garden-bed-refresh-01.svg,"Fictional landscaping portfolio concept for Beacon House Company, showing a completed native garden-bed refresh with a stone path.",1200,900
beacon-house-company,Beacon House Company,Landscaping,1,portfolio,beacon-house-company-lawn-care-02.svg,"Fictional landscaping portfolio concept for Beacon House Company, showing a healthy lawn with crisp professional edging.",1200,900
beacon-house-company,Beacon House Company,Landscaping,2,portfolio,beacon-house-company-raised-garden-refresh-03.svg,"Fictional landscaping portfolio concept for Beacon House Company, showing refreshed raised vegetable and herb beds.",1200,900
nestled-flooring-workshop,Nestled Flooring Workshop,Flooring,0,thumbnail,nestled-flooring-workshop-hardwood-installation-01.svg,"Fictional flooring portfolio concept for Nestled Flooring Workshop, showing a completed light-oak hardwood floor with natural grain.",1200,900
nestled-flooring-workshop,Nestled Flooring Workshop,Flooring,1,portfolio,nestled-flooring-workshop-tile-layout-02.svg,"Fictional flooring portfolio concept for Nestled Flooring Workshop, showing a large-format porcelain tile floor with clean grout lines.",1200,900
nestled-flooring-workshop,Nestled Flooring Workshop,Flooring,2,portfolio,nestled-flooring-workshop-stair-flooring-03.svg,"Fictional flooring portfolio concept for Nestled Flooring Workshop, showing precise hardwood stair treads and nosing.",1200,900
meadow-works-workshop,Meadow Works Workshop,Appliance Repair,0,thumbnail,meadow-works-workshop-refrigerator-diagnosis-01.svg,"Fictional appliance repair portfolio concept for Meadow Works Workshop, showing a refrigerator temperature-assessment setting in a bright kitchen.",1200,900
meadow-works-workshop,Meadow Works Workshop,Appliance Repair,1,portfolio,meadow-works-workshop-laundry-appliance-support-02.svg,"Fictional appliance repair portfolio concept for Meadow Works Workshop, showing a washer and dryer levelling-assessment setting.",1200,900
clearview-home-atelier,Clearview Home Atelier,Auto Detailing,0,thumbnail,clearview-home-atelier-exterior-detailing-01.svg,"Fictional auto detailing portfolio concept for Clearview Home Atelier, showing a freshly detailed charcoal crossover exterior.",1200,900
clearview-services-collective,Clearview Services Collective,Photography,0,thumbnail,clearview-services-collective-portrait-studio-01.svg,"Fictional photography portfolio concept for Clearview Services Collective, showing a neutral daylight portrait studio setup.",1200,900
clearview-services-collective,Clearview Services Collective,Photography,1,portfolio,clearview-services-collective-event-photography-02.svg,"Fictional photography portfolio concept for Clearview Services Collective, showing an elegant event-detail photography setting.",1200,900
clearview-services-collective,Clearview Services Collective,Photography,2,portfolio,clearview-services-collective-product-photography-03.svg,"Fictional photography portfolio concept for Clearview Services Collective, showing a refined ceramic product photography setup.",1200,900
fairway-place-practice,Fairway Place Practice,IT Support,0,thumbnail,fairway-place-practice-device-setup-support-01.svg,"Fictional it support portfolio concept for Fairway Place Practice, showing a tidy laptop and desktop device setup.",1200,900
fairway-place-practice,Fairway Place Practice,IT Support,1,portfolio,fairway-place-practice-home-network-review-02.svg,"Fictional it support portfolio concept for Fairway Place Practice, showing an organized router and home-network review setting.",1200,900
fairway-place-practice,Fairway Place Practice,IT Support,2,portfolio,fairway-place-practice-cable-management-03.svg,"Fictional it support portfolio concept for Fairway Place Practice, showing professional under-desk cable management with safe connections.",1200,900
truenorth-services-company,TrueNorth Services Company,Web Design,0,thumbnail,truenorth-services-company-responsive-marketing-site-01.svg,"Fictional web design portfolio concept for TrueNorth Services Company, showing a responsive fictional marketing site across three devices.",1200,900
bridgewater-lane,Bridgewater Lane,Home Organization,0,thumbnail,bridgewater-lane-closet-refresh-01.svg,"Fictional home organization portfolio concept for Bridgewater Lane, showing a completed walk-in closet refresh with grouped clothing and baskets.",1200,900
bluebell-works-co,Bluebell Works Co.,Landscaping,0,thumbnail,bluebell-works-co-garden-bed-refresh-01.svg,"Fictional landscaping portfolio concept for Bluebell Works Co., showing a completed native garden-bed refresh with a stone path.",1200,900
pinecrest-studio-studio,Pinecrest Studio Studio,Moving Services,0,thumbnail,pinecrest-studio-studio-local-move-support-01.svg,"Fictional moving services portfolio concept for Pinecrest Studio Studio, showing an organized residential entry with sturdy boxes and a clear path.",1200,900
meadow-room,Meadow Room,Painting,0,thumbnail,meadow-room-interior-painting-01.svg,"Fictional painting portfolio concept for Meadow Room, showing a freshly completed olive living-room accent wall with crisp trim.",1200,900
meadow-room,Meadow Room,Painting,1,portfolio,meadow-room-exterior-painting-02.svg,"Fictional painting portfolio concept for Meadow Room, showing newly refreshed residential exterior siding and porch.",1200,900
meadow-room,Meadow Room,Painting,2,portfolio,meadow-room-cabinet-refinishing-03.svg,"Fictional painting portfolio concept for Meadow Room, showing completed warm-neutral kitchen cabinet refinishing.",1200,900
meadow-room,Meadow Room,Painting,3,portfolio,meadow-room-feature-wall-painting-04.svg,"Fictional painting portfolio concept for Meadow Room, showing a precise muted-blue bedroom feature wall.",1200,900
lakeshore-appliance-co,Lakeshore Appliance Co.,Appliance Repair,0,thumbnail,lakeshore-appliance-co-refrigerator-diagnosis-01.svg,"Fictional appliance repair portfolio concept for Lakeshore Appliance Co., showing a refrigerator temperature-assessment setting in a bright kitchen.",1200,900
lakeshore-appliance-co,Lakeshore Appliance Co.,Appliance Repair,1,portfolio,lakeshore-appliance-co-laundry-appliance-support-02.svg,"Fictional appliance repair portfolio concept for Lakeshore Appliance Co., showing a washer and dryer levelling-assessment setting.",1200,900
lakeshore-appliance-co,Lakeshore Appliance Co.,Appliance Repair,2,portfolio,lakeshore-appliance-co-dishwasher-diagnosis-03.svg,"Fictional appliance repair portfolio concept for Lakeshore Appliance Co., showing a careful dishwasher door and rack inspection.",1200,900
bridgewater-photography-team,Bridgewater Photography Team,Photography,0,thumbnail,bridgewater-photography-team-portrait-studio-01.svg,"Fictional photography portfolio concept for Bridgewater Photography Team, showing a neutral daylight portrait studio setup.",1200,900
summit-lane,Summit Lane,Event Decorating,0,thumbnail,summit-lane-table-styling-01.svg,"Fictional event decorating portfolio concept for Summit Lane, showing completed table styling with neutral linens, candles and greenery.",1200,900
summit-lane,Summit Lane,Event Decorating,1,portfolio,summit-lane-balloon-backdrop-02.svg,"Fictional event decorating portfolio concept for Summit Lane, showing a tasteful balloon and fabric backdrop in warm neutral colors.",1200,900
summit-lane,Summit Lane,Event Decorating,2,portfolio,summit-lane-ceremony-decor-03.svg,"Fictional event decorating portfolio concept for Summit Lane, showing a seasonal floral ceremony arrangement with chairs and aisle.",1200,900
oakline-care,Oakline Care,Electrical,0,thumbnail,oakline-care-interior-lighting-upgrade-01.svg,"Fictional electrical portfolio concept for Oakline Care, showing a completed living-room layered lighting upgrade.",1200,900
canvas-moving-company,Canvas Moving Company,Moving Services,0,thumbnail,canvas-moving-company-local-move-support-01.svg,"Fictional moving services portfolio concept for Canvas Moving Company, showing an organized residential entry with sturdy boxes and a clear path.",1200,900
canvas-moving-company,Canvas Moving Company,Moving Services,1,portfolio,canvas-moving-company-furniture-transport-02.svg,"Fictional moving services portfolio concept for Canvas Moving Company, showing a sofa and chair carefully protected with reusable moving blankets.",1200,900
canvas-moving-company,Canvas Moving Company,Moving Services,2,portfolio,canvas-moving-company-packing-assistance-03.svg,"Fictional moving services portfolio concept for Canvas Moving Company, showing a well-stocked, text-free residential packing station.",1200,900
canvas-moving-company,Canvas Moving Company,Moving Services,3,portfolio,canvas-moving-company-protected-loading-stage-04.svg,"Fictional moving services portfolio concept for Canvas Moving Company, showing protected furniture staged safely near an open residential doorway.",1200,900
bridgewater-painting-practice,Bridgewater Painting Practice,Painting,0,thumbnail,bridgewater-painting-practice-interior-painting-01.svg,"Fictional painting portfolio concept for Bridgewater Painting Practice, showing a freshly completed olive living-room accent wall with crisp trim.",1200,900
bridgewater-painting-practice,Bridgewater Painting Practice,Painting,1,portfolio,bridgewater-painting-practice-exterior-painting-02.svg,"Fictional painting portfolio concept for Bridgewater Painting Practice, showing newly refreshed residential exterior siding and porch.",1200,900
bridgewater-painting-practice,Bridgewater Painting Practice,Painting,2,portfolio,bridgewater-painting-practice-cabinet-refinishing-03.svg,"Fictional painting portfolio concept for Bridgewater Painting Practice, showing completed warm-neutral kitchen cabinet refinishing.",1200,900
canvas-craft-co,Canvas Craft Co.,Flooring,0,thumbnail,canvas-craft-co-hardwood-installation-01.svg,"Fictional flooring portfolio concept for Canvas Craft Co., showing a completed light-oak hardwood floor with natural grain.",1200,900
canvas-craft-co,Canvas Craft Co.,Flooring,1,portfolio,canvas-craft-co-tile-layout-02.svg,"Fictional flooring portfolio concept for Canvas Craft Co., showing a large-format porcelain tile floor with clean grout lines.",1200,900
canvas-craft-co,Canvas Craft Co.,Flooring,2,portfolio,canvas-craft-co-stair-flooring-03.svg,"Fictional flooring portfolio concept for Canvas Craft Co., showing precise hardwood stair treads and nosing.",1200,900
canvas-craft-co,Canvas Craft Co.,Flooring,3,portfolio,canvas-craft-co-floor-refinishing-04.svg,"Fictional flooring portfolio concept for Canvas Craft Co., showing a finished warm-toned plank floor with a flush doorway transition.",1200,900
riverbend-craft-services,Riverbend Craft Services,Appliance Repair,0,thumbnail,riverbend-craft-services-refrigerator-diagnosis-01.svg,"Fictional appliance repair portfolio concept for Riverbend Craft Services, showing a refrigerator temperature-assessment setting in a bright kitchen.",1200,900
fairway-lane-services,Fairway Lane Services,Auto Detailing,0,thumbnail,fairway-lane-services-exterior-detailing-01.svg,"Fictional auto detailing portfolio concept for Fairway Lane Services, showing a freshly detailed charcoal crossover exterior.",1200,900
fairway-pet-collective,Fairway Pet Collective,Pet Grooming,0,thumbnail,fairway-pet-collective-bath-and-brush-01.svg,"Fictional pet grooming portfolio concept for Fairway Pet Collective, showing a calm mixed-breed dog after a professional bath and brush.",1200,900
fairway-pet-collective,Fairway Pet Collective,Pet Grooming,1,portfolio,fairway-pet-collective-full-groom-package-02.svg,"Fictional pet grooming portfolio concept for Fairway Pet Collective, showing a comfortable small dog after a full groom.",1200,900
fairway-pet-collective,Fairway Pet Collective,Pet Grooming,2,portfolio,fairway-pet-collective-nail-ear-care-03.svg,"Fictional pet grooming portfolio concept for Fairway Pet Collective, showing a tidy nail and ear care setup with unbranded grooming tools.",1200,900
fairway-pet-collective,Fairway Pet Collective,Pet Grooming,3,portfolio,fairway-pet-collective-cat-grooming-04.svg,"Fictional pet grooming portfolio concept for Fairway Pet Collective, showing a calm long-haired cat after gentle grooming.",1200,900
driftwood-studio-studio,Driftwood Studio Studio,Photography,0,thumbnail,driftwood-studio-studio-portrait-studio-01.svg,"Fictional photography portfolio concept for Driftwood Studio Studio, showing a neutral daylight portrait studio setup.",1200,900
driftwood-studio-studio,Driftwood Studio Studio,Photography,1,portfolio,driftwood-studio-studio-event-photography-02.svg,"Fictional photography portfolio concept for Driftwood Studio Studio, showing an elegant event-detail photography setting.",1200,900
driftwood-studio-studio,Driftwood Studio Studio,Photography,2,portfolio,driftwood-studio-studio-product-photography-03.svg,"Fictional photography portfolio concept for Driftwood Studio Studio, showing a refined ceramic product photography setup.",1200,900
driftwood-studio-studio,Driftwood Studio Studio,Photography,3,portfolio,driftwood-studio-studio-photography-workspace-04.svg,"Fictional photography portfolio concept for Driftwood Studio Studio, showing an organized photographer workspace with camera and contact sheets.",1200,900
driftwood-care,Driftwood Care,IT Support,0,thumbnail,driftwood-care-device-setup-support-01.svg,"Fictional it support portfolio concept for Driftwood Care, showing a tidy laptop and desktop device setup.",1200,900
driftwood-care,Driftwood Care,IT Support,1,portfolio,driftwood-care-home-network-review-02.svg,"Fictional it support portfolio concept for Driftwood Care, showing an organized router and home-network review setting.",1200,900
driftwood-care,Driftwood Care,IT Support,2,portfolio,driftwood-care-cable-management-03.svg,"Fictional it support portfolio concept for Driftwood Care, showing professional under-desk cable management with safe connections.",1200,900
driftwood-care,Driftwood Care,IT Support,3,portfolio,driftwood-care-small-business-tech-support-04.svg,"Fictional it support portfolio concept for Driftwood Care, showing a calm small-business workstation and network setup.",1200,900
driftwood-lane-collective,Driftwood Lane Collective,Event Decorating,0,thumbnail,driftwood-lane-collective-table-styling-01.svg,"Fictional event decorating portfolio concept for Driftwood Lane Collective, showing completed table styling with neutral linens, candles and greenery.",1200,900
clearview-plumbing-company,Clearview Plumbing Company,Plumbing,0,thumbnail,clearview-plumbing-company-kitchen-fixture-update-01.svg,"Fictional plumbing portfolio concept for Clearview Plumbing Company, showing a completed kitchen sink and faucet update with orderly plumbing.",1200,900
clearview-plumbing-company,Clearview Plumbing Company,Plumbing,1,portfolio,clearview-plumbing-company-bath-fixture-update-02.svg,"Fictional plumbing portfolio concept for Clearview Plumbing Company, showing a bright bathroom with updated shower and tub fixtures.",1200,900
clearview-plumbing-company,Clearview Plumbing Company,Plumbing,2,portfolio,clearview-plumbing-company-water-heater-support-03.svg,"Fictional plumbing portfolio concept for Clearview Plumbing Company, showing a neatly installed residential water heater in a clean utility room.",1200,900
bluebell-pro-company,Bluebell Pro Company,Electrical,0,thumbnail,bluebell-pro-company-interior-lighting-upgrade-01.svg,"Fictional electrical portfolio concept for Bluebell Pro Company, showing a completed living-room layered lighting upgrade.",1200,900
bluebell-pro-company,Bluebell Pro Company,Electrical,1,portfolio,bluebell-pro-company-switch-outlet-update-02.svg,"Fictional electrical portfolio concept for Bluebell Pro Company, showing modern switches and outlets in a bright home office.",1200,900
fairway-crew,Fairway Crew,Home Cleaning,0,thumbnail,fairway-crew-recurring-home-cleaning-01.svg,"Fictional home cleaning portfolio concept for Fairway Crew, showing a freshly finished living room after recurring home cleaning.",1200,900
fairway-crew,Fairway Crew,Home Cleaning,1,portfolio,fairway-crew-deep-kitchen-cleaning-02.svg,"Fictional home cleaning portfolio concept for Fairway Crew, showing a detailed bright kitchen with spotless counters and sink.",1200,900
fairway-crew,Fairway Crew,Home Cleaning,2,portfolio,fairway-crew-bathroom-cleaning-03.svg,"Fictional home cleaning portfolio concept for Fairway Crew, showing a polished bathroom vanity, mirror and shower.",1200,900
fairway-crew,Fairway Crew,Home Cleaning,3,portfolio,fairway-crew-move-out-cleaning-04.svg,"Fictional home cleaning portfolio concept for Fairway Crew, showing an empty room vacuumed and ready for turnover.",1200,900
pinecrest-moving-services,Pinecrest Moving Services,Moving Services,0,thumbnail,pinecrest-moving-services-local-move-support-01.svg,"Fictional moving services portfolio concept for Pinecrest Moving Services, showing an organized residential entry with sturdy boxes and a clear path.",1200,900
maple-home-workshop,Maple Home Workshop,Graphic Design,0,thumbnail,maple-home-workshop-brand-identity-01.svg,"Fictional graphic design portfolio concept for Maple Home Workshop, showing an abstract brand-identity moodboard with geometric marks and swatches.",1200,900
maple-home-workshop,Maple Home Workshop,Graphic Design,1,portfolio,maple-home-workshop-print-collateral-02.svg,"Fictional graphic design portfolio concept for Maple Home Workshop, showing refined blank print collateral mockups and paper stocks.",1200,900
maple-home-workshop,Maple Home Workshop,Graphic Design,2,portfolio,maple-home-workshop-social-visual-kit-03.svg,"Fictional graphic design portfolio concept for Maple Home Workshop, showing abstract social visual tiles across tablet and phone.",1200,900
fairway-home,Fairway Home,Web Design,0,thumbnail,fairway-home-responsive-marketing-site-01.svg,"Fictional web design portfolio concept for Fairway Home, showing a responsive fictional marketing site across three devices.",1200,900
lakeshore-home-collective,Lakeshore Home Collective,Home Organization,0,thumbnail,lakeshore-home-collective-closet-refresh-01.svg,"Fictional home organization portfolio concept for Lakeshore Home Collective, showing a completed walk-in closet refresh with grouped clothing and baskets.",1200,900
truenorth-home-practice-2,TrueNorth Home Practice,Handyman Services,0,thumbnail,truenorth-home-practice-2-mounting-and-installs-01.svg,"Fictional handyman services portfolio concept for TrueNorth Home Practice, showing a completed entryway with sturdy wall hooks and a level floating shelf.",1200,900
truenorth-home-practice-2,TrueNorth Home Practice,Handyman Services,1,portfolio,truenorth-home-practice-2-general-home-repair-02.svg,"Fictional handyman services portfolio concept for TrueNorth Home Practice, showing a smooth repaired and repainted interior wall.",1200,900
truenorth-home-practice-2,TrueNorth Home Practice,Handyman Services,2,portfolio,truenorth-home-practice-2-seasonal-home-prep-03.svg,"Fictional handyman services portfolio concept for TrueNorth Home Practice, showing completed window weather-sealing and trim refresh.",1200,900
truenorth-home-practice-2,TrueNorth Home Practice,Handyman Services,3,portfolio,truenorth-home-practice-2-furniture-assembly-04.svg,"Fictional handyman services portfolio concept for TrueNorth Home Practice, showing a neatly assembled console and mounted framed print.",1200,900
silverline-services-co,Silverline Services Co.,Electrical,0,thumbnail,silverline-services-co-interior-lighting-upgrade-01.svg,"Fictional electrical portfolio concept for Silverline Services Co., showing a completed living-room layered lighting upgrade.",1200,900
silverline-services-co,Silverline Services Co.,Electrical,1,portfolio,silverline-services-co-switch-outlet-update-02.svg,"Fictional electrical portfolio concept for Silverline Services Co., showing modern switches and outlets in a bright home office.",1200,900
silverline-services-co,Silverline Services Co.,Electrical,2,portfolio,silverline-services-co-panel-review-03.svg,"Fictional electrical portfolio concept for Silverline Services Co., showing a closed, intact residential electrical panel in an orderly utility area.",1200,900
keystone-home-company,Keystone Home Company,Home Cleaning,0,thumbnail,keystone-home-company-recurring-home-cleaning-01.svg,"Fictional home cleaning portfolio concept for Keystone Home Company, showing a freshly finished living room after recurring home cleaning.",1200,900
keystone-home-company,Keystone Home Company,Home Cleaning,1,portfolio,keystone-home-company-deep-kitchen-cleaning-02.svg,"Fictional home cleaning portfolio concept for Keystone Home Company, showing a detailed bright kitchen with spotless counters and sink.",1200,900
keystone-home-company,Keystone Home Company,Home Cleaning,2,portfolio,keystone-home-company-bathroom-cleaning-03.svg,"Fictional home cleaning portfolio concept for Keystone Home Company, showing a polished bathroom vanity, mirror and shower.",1200,900
lakeshore-room-workshop,Lakeshore Room Workshop,Painting,0,thumbnail,lakeshore-room-workshop-interior-painting-01.svg,"Fictional painting portfolio concept for Lakeshore Room Workshop, showing a freshly completed olive living-room accent wall with crisp trim.",1200,900
clearview-local-team,Clearview Local Team,Auto Detailing,0,thumbnail,clearview-local-team-exterior-detailing-01.svg,"Fictional auto detailing portfolio concept for Clearview Local Team, showing a freshly detailed charcoal crossover exterior.",1200,900
clearview-local-team,Clearview Local Team,Auto Detailing,1,portfolio,clearview-local-team-interior-detailing-02.svg,"Fictional auto detailing portfolio concept for Clearview Local Team, showing a spotless neutral vehicle interior.",1200,900
clearview-local-team,Clearview Local Team,Auto Detailing,2,portfolio,clearview-local-team-wheel-finish-detailing-03.svg,"Fictional auto detailing portfolio concept for Clearview Local Team, showing a clean alloy wheel, tire and lower-body finish.",1200,900
clearview-local-team,Clearview Local Team,Auto Detailing,3,portfolio,clearview-local-team-full-detail-package-04.svg,"Fictional auto detailing portfolio concept for Clearview Local Team, showing a completed full-detail family sedan with a clean interior.",1200,900
sunrise-works-practice,Sunrise Works Practice,Pet Grooming,0,thumbnail,sunrise-works-practice-bath-and-brush-01.svg,"Fictional pet grooming portfolio concept for Sunrise Works Practice, showing a calm mixed-breed dog after a professional bath and brush.",1200,900
sunrise-place-collective,Sunrise Place Collective,Photography,0,thumbnail,sunrise-place-collective-portrait-studio-01.svg,"Fictional photography portfolio concept for Sunrise Place Collective, showing a neutral daylight portrait studio setup.",1200,900
sunrise-place-collective,Sunrise Place Collective,Photography,1,portfolio,sunrise-place-collective-event-photography-02.svg,"Fictional photography portfolio concept for Sunrise Place Collective, showing an elegant event-detail photography setting.",1200,900
sunrise-place-collective,Sunrise Place Collective,Photography,2,portfolio,sunrise-place-collective-product-photography-03.svg,"Fictional photography portfolio concept for Sunrise Place Collective, showing a refined ceramic product photography setup.",1200,900
sunrise-place-collective,Sunrise Place Collective,Photography,3,portfolio,sunrise-place-collective-photography-workspace-04.svg,"Fictional photography portfolio concept for Sunrise Place Collective, showing an organized photographer workspace with camera and contact sheets.",1200,900
clearview-house,Clearview House,IT Support,0,thumbnail,clearview-house-device-setup-support-01.svg,"Fictional it support portfolio concept for Clearview House, showing a tidy laptop and desktop device setup.",1200,900
clearview-house,Clearview House,IT Support,1,portfolio,clearview-house-home-network-review-02.svg,"Fictional it support portfolio concept for Clearview House, showing an organized router and home-network review setting.",1200,900
clearview-house,Clearview House,IT Support,2,portfolio,clearview-house-cable-management-03.svg,"Fictional it support portfolio concept for Clearview House, showing professional under-desk cable management with safe connections.",1200,900
clearview-house,Clearview House,IT Support,3,portfolio,clearview-house-small-business-tech-support-04.svg,"Fictional it support portfolio concept for Clearview House, showing a calm small-business workstation and network setup.",1200,900
keystone-pro-co,Keystone Pro Co.,Event Decorating,0,thumbnail,keystone-pro-co-table-styling-01.svg,"Fictional event decorating portfolio concept for Keystone Pro Co., showing completed table styling with neutral linens, candles and greenery.",1200,900
keystone-pro-co,Keystone Pro Co.,Event Decorating,1,portfolio,keystone-pro-co-balloon-backdrop-02.svg,"Fictional event decorating portfolio concept for Keystone Pro Co., showing a tasteful balloon and fabric backdrop in warm neutral colors.",1200,900
keystone-pro-co,Keystone Pro Co.,Event Decorating,2,portfolio,keystone-pro-co-ceremony-decor-03.svg,"Fictional event decorating portfolio concept for Keystone Pro Co., showing a seasonal floral ceremony arrangement with chairs and aisle.",1200,900
bridgewater-electrical-group,Bridgewater Electrical Group,Electrical,0,thumbnail,bridgewater-electrical-group-interior-lighting-upgrade-01.svg,"Fictional electrical portfolio concept for Bridgewater Electrical Group, showing a completed living-room layered lighting upgrade.",1200,900
bridgewater-pro,Bridgewater Pro,Landscaping,0,thumbnail,bridgewater-pro-garden-bed-refresh-01.svg,"Fictional landscaping portfolio concept for Bridgewater Pro, showing a completed native garden-bed refresh with a stone path.",1200,900
bridgewater-pro,Bridgewater Pro,Landscaping,1,portfolio,bridgewater-pro-lawn-care-02.svg,"Fictional landscaping portfolio concept for Bridgewater Pro, showing a healthy lawn with crisp professional edging.",1200,900
cornerstone-studio-collective,Cornerstone Studio Collective,Painting,0,thumbnail,cornerstone-studio-collective-interior-painting-01.svg,"Fictional painting portfolio concept for Cornerstone Studio Collective, showing a freshly completed olive living-room accent wall with crisp trim.",1200,900
cornerstone-studio-collective,Cornerstone Studio Collective,Painting,1,portfolio,cornerstone-studio-collective-exterior-painting-02.svg,"Fictional painting portfolio concept for Cornerstone Studio Collective, showing newly refreshed residential exterior siding and porch.",1200,900
waypoint-room,Waypoint Room,Appliance Repair,0,thumbnail,waypoint-room-refrigerator-diagnosis-01.svg,"Fictional appliance repair portfolio concept for Waypoint Room, showing a refrigerator temperature-assessment setting in a bright kitchen.",1200,900
greenfield-photography-atelier,Greenfield Photography Atelier,Photography,0,thumbnail,greenfield-photography-atelier-portrait-studio-01.svg,"Fictional photography portfolio concept for Greenfield Photography Atelier, showing a neutral daylight portrait studio setup.",1200,900
greenfield-photography-atelier,Greenfield Photography Atelier,Photography,1,portfolio,greenfield-photography-atelier-event-photography-02.svg,"Fictional photography portfolio concept for Greenfield Photography Atelier, showing an elegant event-detail photography setting.",1200,900
truenorth-web-group,TrueNorth Web Group,Web Design,0,thumbnail,truenorth-web-group-responsive-marketing-site-01.svg,"Fictional web design portfolio concept for TrueNorth Web Group, showing a responsive fictional marketing site across three devices.",1200,900
truenorth-web-group,TrueNorth Web Group,Web Design,1,portfolio,truenorth-web-group-website-redesign-02.svg,"Fictional web design portfolio concept for TrueNorth Web Group, showing website redesign wireframes and interface cards.",1200,900
truenorth-web-group,TrueNorth Web Group,Web Design,2,portfolio,truenorth-web-group-landing-page-design-03.svg,"Fictional web design portfolio concept for TrueNorth Web Group, showing a conversion-focused landing page mockup with clean hierarchy.",1200,900
maple-partners-practice,Maple Partners Practice,Event Decorating,0,thumbnail,maple-partners-practice-table-styling-01.svg,"Fictional event decorating portfolio concept for Maple Partners Practice, showing completed table styling with neutral linens, candles and greenery.",1200,900
waypoint-room-2,Waypoint Room,Heating and Cooling,0,thumbnail,waypoint-room-2-system-installation-01.svg,"Fictional heating and cooling portfolio concept for Waypoint Room, showing a finished residential air-handler and ductwork installation.",1200,900
waypoint-room-2,Waypoint Room,Heating and Cooling,1,portfolio,waypoint-room-2-heat-pump-comfort-02.svg,"Fictional heating and cooling portfolio concept for Waypoint Room, showing a wall-mounted heat-pump comfort system in a bright living room.",1200,900
waypoint-room-2,Waypoint Room,Heating and Cooling,2,portfolio,waypoint-room-2-filter-airflow-review-03.svg,"Fictional heating and cooling portfolio concept for Waypoint Room, showing a clean filter-access and airflow-review setting.",1200,900
waypoint-room-2,Waypoint Room,Heating and Cooling,3,portfolio,waypoint-room-2-outdoor-heat-pump-04.svg,"Fictional heating and cooling portfolio concept for Waypoint Room, showing a neatly installed outdoor heat-pump condenser with safe clearances.",1200,900
northwind-electrical-services,Northwind Electrical Services,Electrical,0,thumbnail,northwind-electrical-services-interior-lighting-upgrade-01.svg,"Fictional electrical portfolio concept for Northwind Electrical Services, showing a completed living-room layered lighting upgrade.",1200,900
northwind-electrical-services,Northwind Electrical Services,Electrical,1,portfolio,northwind-electrical-services-switch-outlet-update-02.svg,"Fictional electrical portfolio concept for Northwind Electrical Services, showing modern switches and outlets in a bright home office.",1200,900
nestled-home-workshop,Nestled Home Workshop,Home Cleaning,0,thumbnail,nestled-home-workshop-recurring-home-cleaning-01.svg,"Fictional home cleaning portfolio concept for Nestled Home Workshop, showing a freshly finished living room after recurring home cleaning.",1200,900
nestled-home-workshop,Nestled Home Workshop,Home Cleaning,1,portfolio,nestled-home-workshop-deep-kitchen-cleaning-02.svg,"Fictional home cleaning portfolio concept for Nestled Home Workshop, showing a detailed bright kitchen with spotless counters and sink.",1200,900
nestled-home-workshop,Nestled Home Workshop,Home Cleaning,2,portfolio,nestled-home-workshop-bathroom-cleaning-03.svg,"Fictional home cleaning portfolio concept for Nestled Home Workshop, showing a polished bathroom vanity, mirror and shower.",1200,900
nestled-home-workshop,Nestled Home Workshop,Home Cleaning,3,portfolio,nestled-home-workshop-move-out-cleaning-04.svg,"Fictional home cleaning portfolio concept for Nestled Home Workshop, showing an empty room vacuumed and ready for turnover.",1200,900
clearview-pro-practice-2,Clearview Pro Practice,Moving Services,0,thumbnail,clearview-pro-practice-2-local-move-support-01.svg,"Fictional moving services portfolio concept for Clearview Pro Practice, showing an organized residential entry with sturdy boxes and a clear path.",1200,900
clearview-pro-practice-2,Clearview Pro Practice,Moving Services,1,portfolio,clearview-pro-practice-2-furniture-transport-02.svg,"Fictional moving services portfolio concept for Clearview Pro Practice, showing a sofa and chair carefully protected with reusable moving blankets.",1200,900
clearview-pro-practice-2,Clearview Pro Practice,Moving Services,2,portfolio,clearview-pro-practice-2-packing-assistance-03.svg,"Fictional moving services portfolio concept for Clearview Pro Practice, showing a well-stocked, text-free residential packing station.",1200,900
clearview-pro-practice-2,Clearview Pro Practice,Moving Services,3,portfolio,clearview-pro-practice-2-protected-loading-stage-04.svg,"Fictional moving services portfolio concept for Clearview Pro Practice, showing protected furniture staged safely near an open residential doorway.",1200,900
silverline-crew-services,Silverline Crew Services,Painting,0,thumbnail,silverline-crew-services-interior-painting-01.svg,"Fictional painting portfolio concept for Silverline Crew Services, showing a freshly completed olive living-room accent wall with crisp trim.",1200,900
fieldstone-crew-2,Fieldstone Crew,Flooring,0,thumbnail,fieldstone-crew-2-hardwood-installation-01.svg,"Fictional flooring portfolio concept for Fieldstone Crew, showing a completed light-oak hardwood floor with natural grain.",1200,900
fieldstone-crew-2,Fieldstone Crew,Flooring,1,portfolio,fieldstone-crew-2-tile-layout-02.svg,"Fictional flooring portfolio concept for Fieldstone Crew, showing a large-format porcelain tile floor with clean grout lines.",1200,900
fieldstone-crew-2,Fieldstone Crew,Flooring,2,portfolio,fieldstone-crew-2-stair-flooring-03.svg,"Fictional flooring portfolio concept for Fieldstone Crew, showing precise hardwood stair treads and nosing.",1200,900
fieldstone-crew-2,Fieldstone Crew,Flooring,3,portfolio,fieldstone-crew-2-floor-refinishing-04.svg,"Fictional flooring portfolio concept for Fieldstone Crew, showing a finished warm-toned plank floor with a flush doorway transition.",1200,900
harbour-services-services,Harbour Services Services,Appliance Repair,0,thumbnail,harbour-services-services-refrigerator-diagnosis-01.svg,"Fictional appliance repair portfolio concept for Harbour Services Services, showing a refrigerator temperature-assessment setting in a bright kitchen.",1200,900
harbour-services-services,Harbour Services Services,Appliance Repair,1,portfolio,harbour-services-services-laundry-appliance-support-02.svg,"Fictional appliance repair portfolio concept for Harbour Services Services, showing a washer and dryer levelling-assessment setting.",1200,900
harbour-services-services,Harbour Services Services,Appliance Repair,2,portfolio,harbour-services-services-dishwasher-diagnosis-03.svg,"Fictional appliance repair portfolio concept for Harbour Services Services, showing a careful dishwasher door and rack inspection.",1200,900
keystone-collective-collective,Keystone Collective Collective,Auto Detailing,0,thumbnail,keystone-collective-collective-exterior-detailing-01.svg,"Fictional auto detailing portfolio concept for Keystone Collective Collective, showing a freshly detailed charcoal crossover exterior.",1200,900
keystone-collective-collective,Keystone Collective Collective,Auto Detailing,1,portfolio,keystone-collective-collective-interior-detailing-02.svg,"Fictional auto detailing portfolio concept for Keystone Collective Collective, showing a spotless neutral vehicle interior.",1200,900
keystone-collective-collective,Keystone Collective Collective,Auto Detailing,2,portfolio,keystone-collective-collective-wheel-finish-detailing-03.svg,"Fictional auto detailing portfolio concept for Keystone Collective Collective, showing a clean alloy wheel, tire and lower-body finish.",1200,900
northwind-crew,Northwind Crew,IT Support,0,thumbnail,northwind-crew-device-setup-support-01.svg,"Fictional it support portfolio concept for Northwind Crew, showing a tidy laptop and desktop device setup.",1200,900
horizon-web-collective,Horizon Web Collective,Web Design,0,thumbnail,horizon-web-collective-responsive-marketing-site-01.svg,"Fictional web design portfolio concept for Horizon Web Collective, showing a responsive fictional marketing site across three devices.",1200,900
lakeshore-partners-company,Lakeshore Partners Company,Home Organization,0,thumbnail,lakeshore-partners-company-closet-refresh-01.svg,"Fictional home organization portfolio concept for Lakeshore Partners Company, showing a completed walk-in closet refresh with grouped clothing and baskets.",1200,900
lakeshore-partners-company,Lakeshore Partners Company,Home Organization,1,portfolio,lakeshore-partners-company-pantry-organization-02.svg,"Fictional home organization portfolio concept for Lakeshore Partners Company, showing an organized pantry with clear bins and woven baskets.",1200,900
lakeshore-partners-company,Lakeshore Partners Company,Home Organization,2,portfolio,lakeshore-partners-company-kitchen-drawer-organization-03.svg,"Fictional home organization portfolio concept for Lakeshore Partners Company, showing carefully divided kitchen drawers with everyday tools.",1200,900
lakeshore-partners-company,Lakeshore Partners Company,Home Organization,3,portfolio,lakeshore-partners-company-whole-home-reset-04.svg,"Fictional home organization portfolio concept for Lakeshore Partners Company, showing a calm mudroom reset with hooks, shoes and baskets.",1200,900
maple-home-company,Maple Home Company,Plumbing,0,thumbnail,maple-home-company-kitchen-fixture-update-01.svg,"Fictional plumbing portfolio concept for Maple Home Company, showing a completed kitchen sink and faucet update with orderly plumbing.",1200,900
horizon-lane,Horizon Lane,Home Cleaning,0,thumbnail,horizon-lane-recurring-home-cleaning-01.svg,"Fictional home cleaning portfolio concept for Horizon Lane, showing a freshly finished living room after recurring home cleaning.",1200,900
horizon-lane,Horizon Lane,Home Cleaning,1,portfolio,horizon-lane-deep-kitchen-cleaning-02.svg,"Fictional home cleaning portfolio concept for Horizon Lane, showing a detailed bright kitchen with spotless counters and sink.",1200,900
horizon-lane,Horizon Lane,Home Cleaning,2,portfolio,horizon-lane-bathroom-cleaning-03.svg,"Fictional home cleaning portfolio concept for Horizon Lane, showing a polished bathroom vanity, mirror and shower.",1200,900
horizon-lane,Horizon Lane,Home Cleaning,3,portfolio,horizon-lane-move-out-cleaning-04.svg,"Fictional home cleaning portfolio concept for Horizon Lane, showing an empty room vacuumed and ready for turnover.",1200,900
skyline-care-services,Skyline Care Services,Painting,0,thumbnail,skyline-care-services-interior-painting-01.svg,"Fictional painting portfolio concept for Skyline Care Services, showing a freshly completed olive living-room accent wall with crisp trim.",1200,900
skyline-care-services,Skyline Care Services,Painting,1,portfolio,skyline-care-services-exterior-painting-02.svg,"Fictional painting portfolio concept for Skyline Care Services, showing newly refreshed residential exterior siding and porch.",1200,900
skyline-care-services,Skyline Care Services,Painting,2,portfolio,skyline-care-services-cabinet-refinishing-03.svg,"Fictional painting portfolio concept for Skyline Care Services, showing completed warm-neutral kitchen cabinet refinishing.",1200,900
truenorth-local-team,TrueNorth Local Team,Flooring,0,thumbnail,truenorth-local-team-hardwood-installation-01.svg,"Fictional flooring portfolio concept for TrueNorth Local Team, showing a completed light-oak hardwood floor with natural grain.",1200,900
truenorth-local-team,TrueNorth Local Team,Flooring,1,portfolio,truenorth-local-team-tile-layout-02.svg,"Fictional flooring portfolio concept for TrueNorth Local Team, showing a large-format porcelain tile floor with clean grout lines.",1200,900
truenorth-local-team,TrueNorth Local Team,Flooring,2,portfolio,truenorth-local-team-stair-flooring-03.svg,"Fictional flooring portfolio concept for TrueNorth Local Team, showing precise hardwood stair treads and nosing.",1200,900
truenorth-local-team,TrueNorth Local Team,Flooring,3,portfolio,truenorth-local-team-floor-refinishing-04.svg,"Fictional flooring portfolio concept for TrueNorth Local Team, showing a finished warm-toned plank floor with a flush doorway transition.",1200,900
summit-collective,Summit Collective,Appliance Repair,0,thumbnail,summit-collective-refrigerator-diagnosis-01.svg,"Fictional appliance repair portfolio concept for Summit Collective, showing a refrigerator temperature-assessment setting in a bright kitchen.",1200,900
pinecrest-works-3,Pinecrest Works,Auto Detailing,0,thumbnail,pinecrest-works-3-exterior-detailing-01.svg,"Fictional auto detailing portfolio concept for Pinecrest Works, showing a freshly detailed charcoal crossover exterior.",1200,900
pinecrest-works-3,Pinecrest Works,Auto Detailing,1,portfolio,pinecrest-works-3-interior-detailing-02.svg,"Fictional auto detailing portfolio concept for Pinecrest Works, showing a spotless neutral vehicle interior.",1200,900
clearview-local-co,Clearview Local Co.,Web Design,0,thumbnail,clearview-local-co-responsive-marketing-site-01.svg,"Fictional web design portfolio concept for Clearview Local Co., showing a responsive fictional marketing site across three devices.",1200,900
cornerstone-partners-2,Cornerstone Partners,Home Organization,0,thumbnail,cornerstone-partners-2-closet-refresh-01.svg,"Fictional home organization portfolio concept for Cornerstone Partners, showing a completed walk-in closet refresh with grouped clothing and baskets.",1200,900
brightside-electrical-co,Brightside Electrical Co.,Electrical,0,thumbnail,brightside-electrical-co-interior-lighting-upgrade-01.svg,"Fictional electrical portfolio concept for Brightside Electrical Co., showing a completed living-room layered lighting upgrade.",1200,900
brightside-electrical-co,Brightside Electrical Co.,Electrical,1,portfolio,brightside-electrical-co-switch-outlet-update-02.svg,"Fictional electrical portfolio concept for Brightside Electrical Co., showing modern switches and outlets in a bright home office.",1200,900
brightside-electrical-co,Brightside Electrical Co.,Electrical,2,portfolio,brightside-electrical-co-panel-review-03.svg,"Fictional electrical portfolio concept for Brightside Electrical Co., showing a closed, intact residential electrical panel in an orderly utility area.",1200,900
canvas-house-co,Canvas House Co.,Graphic Design,0,thumbnail,canvas-house-co-brand-identity-01.svg,"Fictional graphic design portfolio concept for Canvas House Co., showing an abstract brand-identity moodboard with geometric marks and swatches.",1200,900
canvas-house-co,Canvas House Co.,Graphic Design,1,portfolio,canvas-house-co-print-collateral-02.svg,"Fictional graphic design portfolio concept for Canvas House Co., showing refined blank print collateral mockups and paper stocks.",1200,900
canvas-house-co,Canvas House Co.,Graphic Design,2,portfolio,canvas-house-co-social-visual-kit-03.svg,"Fictional graphic design portfolio concept for Canvas House Co., showing abstract social visual tiles across tablet and phone.",1200,900
canvas-house-co,Canvas House Co.,Graphic Design,3,portfolio,canvas-house-co-packaging-design-04.svg,"Fictional graphic design portfolio concept for Canvas House Co., showing unbranded packaging mockups with color chips and dielines.",1200,900
bluebell-services,Bluebell Services,Home Organization,0,thumbnail,bluebell-services-closet-refresh-01.svg,"Fictional home organization portfolio concept for Bluebell Services, showing a completed walk-in closet refresh with grouped clothing and baskets.",1200,900
skyline-craft-co,Skyline Craft Co.,Handyman Services,0,thumbnail,skyline-craft-co-mounting-and-installs-01.svg,"Fictional handyman services portfolio concept for Skyline Craft Co., showing a completed entryway with sturdy wall hooks and a level floating shelf.",1200,900
cornerstone-plumbing-workshop,Cornerstone Plumbing Workshop,Plumbing,0,thumbnail,cornerstone-plumbing-workshop-kitchen-fixture-update-01.svg,"Fictional plumbing portfolio concept for Cornerstone Plumbing Workshop, showing a completed kitchen sink and faucet update with orderly plumbing.",1200,900
cornerstone-plumbing-workshop,Cornerstone Plumbing Workshop,Plumbing,1,portfolio,cornerstone-plumbing-workshop-bath-fixture-update-02.svg,"Fictional plumbing portfolio concept for Cornerstone Plumbing Workshop, showing a bright bathroom with updated shower and tub fixtures.",1200,900
lakeshore-electrical-services,Lakeshore Electrical Services,Electrical,0,thumbnail,lakeshore-electrical-services-interior-lighting-upgrade-01.svg,"Fictional electrical portfolio concept for Lakeshore Electrical Services, showing a completed living-room layered lighting upgrade.",1200,900
lakeshore-electrical-services,Lakeshore Electrical Services,Electrical,1,portfolio,lakeshore-electrical-services-switch-outlet-update-02.svg,"Fictional electrical portfolio concept for Lakeshore Electrical Services, showing modern switches and outlets in a bright home office.",1200,900
lakeshore-electrical-services,Lakeshore Electrical Services,Electrical,2,portfolio,lakeshore-electrical-services-panel-review-03.svg,"Fictional electrical portfolio concept for Lakeshore Electrical Services, showing a closed, intact residential electrical panel in an orderly utility area.",1200,900
fairway-room,Fairway Room,Home Cleaning,0,thumbnail,fairway-room-recurring-home-cleaning-01.svg,"Fictional home cleaning portfolio concept for Fairway Room, showing a freshly finished living room after recurring home cleaning.",1200,900
horizon-room-company,Horizon Room Company,Appliance Repair,0,thumbnail,horizon-room-company-refrigerator-diagnosis-01.svg,"Fictional appliance repair portfolio concept for Horizon Room Company, showing a refrigerator temperature-assessment setting in a bright kitchen.",1200,900
horizon-room-company,Horizon Room Company,Appliance Repair,1,portfolio,horizon-room-company-laundry-appliance-support-02.svg,"Fictional appliance repair portfolio concept for Horizon Room Company, showing a washer and dryer levelling-assessment setting.",1200,900
horizon-craft,Horizon Craft,IT Support,0,thumbnail,horizon-craft-device-setup-support-01.svg,"Fictional it support portfolio concept for Horizon Craft, showing a tidy laptop and desktop device setup.",1200,900
bridgewater-graphic-collective,Bridgewater Graphic Collective,Graphic Design,0,thumbnail,bridgewater-graphic-collective-brand-identity-01.svg,"Fictional graphic design portfolio concept for Bridgewater Graphic Collective, showing an abstract brand-identity moodboard with geometric marks and swatches.",1200,900
bridgewater-graphic-collective,Bridgewater Graphic Collective,Graphic Design,1,portfolio,bridgewater-graphic-collective-print-collateral-02.svg,"Fictional graphic design portfolio concept for Bridgewater Graphic Collective, showing refined blank print collateral mockups and paper stocks.",1200,900
brightside-collective-company,Brightside Collective Company,Web Design,0,thumbnail,brightside-collective-company-responsive-marketing-site-01.svg,"Fictional web design portfolio concept for Brightside Collective Company, showing a responsive fictional marketing site across three devices.",1200,900
silverline-local,Silverline Local,Home Organization,0,thumbnail,silverline-local-closet-refresh-01.svg,"Fictional home organization portfolio concept for Silverline Local, showing a completed walk-in closet refresh with grouped clothing and baskets.",1200,900
beacon-local-services,Beacon Local Services,Plumbing,0,thumbnail,beacon-local-services-kitchen-fixture-update-01.svg,"Fictional plumbing portfolio concept for Beacon Local Services, showing a completed kitchen sink and faucet update with orderly plumbing.",1200,900
beacon-local-services,Beacon Local Services,Plumbing,1,portfolio,beacon-local-services-bath-fixture-update-02.svg,"Fictional plumbing portfolio concept for Beacon Local Services, showing a bright bathroom with updated shower and tub fixtures.",1200,900
beacon-local-services,Beacon Local Services,Plumbing,2,portfolio,beacon-local-services-water-heater-support-03.svg,"Fictional plumbing portfolio concept for Beacon Local Services, showing a neatly installed residential water heater in a clean utility room.",1200,900
keystone-collective-studio,Keystone Collective Studio,Home Cleaning,0,thumbnail,keystone-collective-studio-recurring-home-cleaning-01.svg,"Fictional home cleaning portfolio concept for Keystone Collective Studio, showing a freshly finished living room after recurring home cleaning.",1200,900
cedar-flooring-co,Cedar Flooring Co.,Flooring,0,thumbnail,cedar-flooring-co-hardwood-installation-01.svg,"Fictional flooring portfolio concept for Cedar Flooring Co., showing a completed light-oak hardwood floor with natural grain.",1200,900
cedar-flooring-co,Cedar Flooring Co.,Flooring,1,portfolio,cedar-flooring-co-tile-layout-02.svg,"Fictional flooring portfolio concept for Cedar Flooring Co., showing a large-format porcelain tile floor with clean grout lines.",1200,900
oakline-auto-practice,Oakline Auto Practice,Auto Detailing,0,thumbnail,oakline-auto-practice-exterior-detailing-01.svg,"Fictional auto detailing portfolio concept for Oakline Auto Practice, showing a freshly detailed charcoal crossover exterior.",1200,900
oakline-auto-practice,Oakline Auto Practice,Auto Detailing,1,portfolio,oakline-auto-practice-interior-detailing-02.svg,"Fictional auto detailing portfolio concept for Oakline Auto Practice, showing a spotless neutral vehicle interior.",1200,900
lakeshore-services-co,Lakeshore Services Co.,Event Decorating,0,thumbnail,lakeshore-services-co-table-styling-01.svg,"Fictional event decorating portfolio concept for Lakeshore Services Co., showing completed table styling with neutral linens, candles and greenery.",1200,900
lakeshore-services-co,Lakeshore Services Co.,Event Decorating,1,portfolio,lakeshore-services-co-balloon-backdrop-02.svg,"Fictional event decorating portfolio concept for Lakeshore Services Co., showing a tasteful balloon and fabric backdrop in warm neutral colors.",1200,900
lakeshore-services-co,Lakeshore Services Co.,Event Decorating,2,portfolio,lakeshore-services-co-ceremony-decor-03.svg,"Fictional event decorating portfolio concept for Lakeshore Services Co., showing a seasonal floral ceremony arrangement with chairs and aisle.",1200,900
keystone-moving-atelier,Keystone Moving Atelier,Moving Services,0,thumbnail,keystone-moving-atelier-local-move-support-01.svg,"Fictional moving services portfolio concept for Keystone Moving Atelier, showing an organized residential entry with sturdy boxes and a clear path.",1200,900
cedar-crew-group-2,Cedar Crew Group,Flooring,0,thumbnail,cedar-crew-group-2-hardwood-installation-01.svg,"Fictional flooring portfolio concept for Cedar Crew Group, showing a completed light-oak hardwood floor with natural grain.",1200,900
cedar-crew-group-2,Cedar Crew Group,Flooring,1,portfolio,cedar-crew-group-2-tile-layout-02.svg,"Fictional flooring portfolio concept for Cedar Crew Group, showing a large-format porcelain tile floor with clean grout lines.",1200,900
fieldstone-pet-practice,Fieldstone Pet Practice,Pet Grooming,0,thumbnail,fieldstone-pet-practice-bath-and-brush-01.svg,"Fictional pet grooming portfolio concept for Fieldstone Pet Practice, showing a calm mixed-breed dog after a professional bath and brush.",1200,900
skyline-local,Skyline Local,Graphic Design,0,thumbnail,skyline-local-brand-identity-01.svg,"Fictional graphic design portfolio concept for Skyline Local, showing an abstract brand-identity moodboard with geometric marks and swatches.",1200,900
skyline-local,Skyline Local,Graphic Design,1,portfolio,skyline-local-print-collateral-02.svg,"Fictional graphic design portfolio concept for Skyline Local, showing refined blank print collateral mockups and paper stocks.",1200,900
skyline-local,Skyline Local,Graphic Design,2,portfolio,skyline-local-social-visual-kit-03.svg,"Fictional graphic design portfolio concept for Skyline Local, showing abstract social visual tiles across tablet and phone.",1200,900
skyline-local,Skyline Local,Graphic Design,3,portfolio,skyline-local-packaging-design-04.svg,"Fictional graphic design portfolio concept for Skyline Local, showing unbranded packaging mockups with color chips and dielines.",1200,900
brightside-home-collective,Brightside Home Collective,Web Design,0,thumbnail,brightside-home-collective-responsive-marketing-site-01.svg,"Fictional web design portfolio concept for Brightside Home Collective, showing a responsive fictional marketing site across three devices.",1200,900
fairway-local-group,Fairway Local Group,Plumbing,0,thumbnail,fairway-local-group-kitchen-fixture-update-01.svg,"Fictional plumbing portfolio concept for Fairway Local Group, showing a completed kitchen sink and faucet update with orderly plumbing.",1200,900
fairway-local-group,Fairway Local Group,Plumbing,1,portfolio,fairway-local-group-bath-fixture-update-02.svg,"Fictional plumbing portfolio concept for Fairway Local Group, showing a bright bathroom with updated shower and tub fixtures.",1200,900
cedar-works-practice,Cedar Works Practice,Landscaping,0,thumbnail,cedar-works-practice-garden-bed-refresh-01.svg,"Fictional landscaping portfolio concept for Cedar Works Practice, showing a completed native garden-bed refresh with a stone path.",1200,900
